surge,supply,policy,worstRegionEssentialFillRate,cumulativeUnmetEssentialDemand,totalCost
1,1,fixed-allocation,0.8614037028,225.25,348183.3382
1,1,reorder-point,0.9994111259,0.95,305940.5612
1,1,cost-first,0.9952188236,8.85,275200.2922
1,1,equity-aware,0.9927726315,18.25,275743.2432
1,1,equity-constrained-rolling-horizon,0.9961502197,6.3,275505.1938
1.5,1,fixed-allocation,0.6395564566,8154.6,354029.4287
1.5,1,reorder-point,0.9990430994,1.75,315160.0396
1.5,1,cost-first,0.9650905534,97,285597.305
1.5,1,equity-aware,0.9433981216,125.15,285197.2541
1.5,1,equity-constrained-rolling-horizon,0.9716309678,52.65,285817.919
2,1,fixed-allocation,0.3151518823,15854.7,360288.4291
2,1,reorder-point,0.9331134834,1214.5,361453.4779
2,1,cost-first,0.9321974149,339,301181.7351
2,1,equity-aware,0.8154931659,1729,297190.3849
2,1,equity-constrained-rolling-horizon,0.9432732682,133,303922.3768
2.5,1,fixed-allocation,0.2429579068,19602.25,361778.833
2.5,1,reorder-point,0.4736274117,10576.85,423041.6436
2.5,1,cost-first,0.5275080475,9609.4,324606.201
2.5,1,equity-aware,0.6158464738,9822.3,314490.4498
2.5,1,equity-constrained-rolling-horizon,0.7065242267,7566.7,340838.278
3,1,fixed-allocation,0.2154708628,22608.5,363340.5433
3,1,reorder-point,0.2932242537,16848.9,436921.8503
3,1,cost-first,0.2635312729,16463.55,325226.3029
3,1,equity-aware,0.3774748946,17758.6,316801.709
3,1,equity-constrained-rolling-horizon,0.437859301,17183.7,339010.3479
1,0.7,fixed-allocation,0.8303670602,2704.7,336055.3262
1,0.7,reorder-point,0.9994111259,0.95,293395.1903
1,0.7,cost-first,0.9951869718,12.65,264888.8097
1,0.7,equity-aware,0.9902711898,22.5,265359.2347
1,0.7,equity-constrained-rolling-horizon,0.9961502197,6.25,264997.1253
1.5,0.7,fixed-allocation,0.3841868298,12710.7,342172.3891
1.5,0.7,reorder-point,0.9821278764,285.05,326400.6121
1.5,0.7,cost-first,0.9650905534,155.45,277676.1649
1.5,0.7,equity-aware,0.8938879434,832.8,275286.8191
1.5,0.7,equity-constrained-rolling-horizon,0.9714415263,52.75,277991.8465
2,0.7,fixed-allocation,0.2648904311,16829.05,344017.3446
2,0.7,reorder-point,0.6107797202,7117.05,391355.0848
2,0.7,cost-first,0.7070043367,5423.8,301935.6543
2,0.7,equity-aware,0.6702621273,6655.35,291998.4394
2,0.7,equity-constrained-rolling-horizon,0.8571795285,3146.55,311352.6907
2.5,0.7,fixed-allocation,0.2341925971,20347.95,345722.1466
2.5,0.7,reorder-point,0.3119805589,15155.2,420588.9917
2.5,0.7,cost-first,0.2685602403,14907.3,307159.328
2.5,0.7,equity-aware,0.4435582506,15408.45,296936.6011
2.5,0.7,equity-constrained-rolling-horizon,0.4545992254,15118.7,322761.501
3,0.7,fixed-allocation,0.2108306913,23448.55,347855.6451
3,0.7,reorder-point,0.271270853,18940.1,432793.3111
3,0.7,cost-first,0.2249626953,17809.2,306541.0927
3,0.7,equity-aware,0.3317815607,19264.4,297601.8504
3,0.7,equity-constrained-rolling-horizon,0.3822142129,18480.9,317009.3701
1,0.5,fixed-allocation,0.5526440585,8389.8,327119.2498
1,0.5,reorder-point,0.9994111259,0.95,287300.8567
1,0.5,cost-first,0.9948855405,24.75,258940.4718
1,0.5,equity-aware,0.9800707811,60.95,258161.291
1,0.5,equity-constrained-rolling-horizon,0.9961502197,6.25,259299.2919
1.5,0.5,fixed-allocation,0.2996916685,14203.6,331756.8866
1.5,0.5,reorder-point,0.7932500839,3381.7,345465.3679
1.5,0.5,cost-first,0.9593726572,548.7,275888.5102
1.5,0.5,equity-aware,0.7895330684,2872.75,271607.7064
1.5,0.5,equity-constrained-rolling-horizon,0.9708080795,64.95,277751.5449
2,0.5,fixed-allocation,0.2567643171,17777.9,333475.5526
2,0.5,reorder-point,0.3877299372,12046.7,403415.9012
2,0.5,cost-first,0.3324341198,12240.45,293375.4042
2,0.5,equity-aware,0.5600822647,10621.35,281957.3941
2,0.5,equity-constrained-rolling-horizon,0.6136474698,9609.1,313854.9465
2.5,0.5,fixed-allocation,0.2301117654,20851.35,335704.5037
2.5,0.5,reorder-point,0.2933804822,16499.1,417542.8425
2.5,0.5,cost-first,0.2442434813,15804.55,293193.7156
2.5,0.5,equity-aware,0.3386890171,17366.25,283215.5425
2.5,0.5,equity-constrained-rolling-horizon,0.4159536461,15969.3,307109.4613
3,0.5,fixed-allocation,0.2083539013,23779.35,338119.1481
3,0.5,reorder-point,0.2614494808,20029.25,430750.2225
3,0.5,cost-first,0.233917826,18400.7,292752.2915
3,0.5,equity-aware,0.2629106858,20929.5,284169.1727
3,0.5,equity-constrained-rolling-horizon,0.317810052,20073.15,301242.7084
1,0.3,fixed-allocation,0.3988482505,10885.05,319425.2578
1,0.3,reorder-point,0.9382649705,900.95,305010.414
1,0.3,cost-first,0.9901967092,134.5,253685.5452
1,0.3,equity-aware,0.9041630866,768,251448.8885
1,0.3,equity-constrained-rolling-horizon,0.9959639597,6.55,253815.0876
1.5,0.3,fixed-allocation,0.2829573392,15279.95,321415.8957
1.5,0.3,reorder-point,0.5888408013,7308.65,366497.5518
1.5,0.3,cost-first,0.6100425059,6413.2,275111.9457
1.5,0.3,equity-aware,0.6591632614,6734.05,266906.7669
1.5,0.3,equity-constrained-rolling-horizon,0.9155019099,1562.65,286348.0163
2,0.3,fixed-allocation,0.2517204753,18270.95,323613.5343
2,0.3,reorder-point,0.3174287687,14254.1,400943.7443
2,0.3,cost-first,0.2691384761,14112.25,278742.5078
2,0.3,equity-aware,0.3728571812,15628.15,268257.8121
2,0.3,equity-constrained-rolling-horizon,0.3992359013,15219.4,299089.2726
2.5,0.3,fixed-allocation,0.2266362095,21198.1,326082.3849
2.5,0.3,reorder-point,0.2806239218,17587.75,415391.5106
2.5,0.3,cost-first,0.2477314603,17531.65,278339.7017
2.5,0.3,equity-aware,0.2860970109,19497.65,270034.6783
2.5,0.3,equity-constrained-rolling-horizon,0.3052851861,19759.75,289471.2423
3,0.3,fixed-allocation,0.2062075321,24069.5,328760.9564
3,0.3,reorder-point,0.2538209418,21008.5,428059.0455
3,0.3,cost-first,0.2431697495,19904.75,278457.2923
3,0.3,equity-aware,0.258892922,22571.05,270416.3952
3,0.3,equity-constrained-rolling-horizon,0.2562240524,23122.55,284794.4137
1,0.1,fixed-allocation,0.3134656504,12895.9,306523.2103
1,0.1,reorder-point,0.7322615123,4294.95,320176.5571
1,0.1,cost-first,0.7933707696,3129.95,252134.5943
1,0.1,equity-aware,0.7651250457,4331,248921.7255
1,0.1,equity-constrained-rolling-horizon,0.8747365436,2345.1,256948.222
1.5,0.1,fixed-allocation,0.274790252,15795.1,308738.7463
1.5,0.1,reorder-point,0.3938387541,11259.3,372360.6717
1.5,0.1,cost-first,0.3613726711,11711.95,263596.0393
1.5,0.1,equity-aware,0.4571104734,12074.45,253560.1121
1.5,0.1,equity-constrained-rolling-horizon,0.4796269618,11942.25,285422.6066
2,0.1,fixed-allocation,0.2470603023,18641.4,311269.5227
2,0.1,reorder-point,0.3001843342,15301.75,386815.5047
2,0.1,cost-first,0.269986054,15233.7,263342.981
2,0.1,equity-aware,0.2866553218,17968.8,255999.4235
2,0.1,equity-constrained-rolling-horizon,0.2797938741,18379.55,275406.9893
2.5,0.1,fixed-allocation,0.2238228342,21500.15,313993.7072
2.5,0.1,reorder-point,0.2711910913,18517.4,398921.9724
2.5,0.1,cost-first,0.2536088288,17669.7,262724.3858
2.5,0.1,equity-aware,0.2528375122,20841.05,257203.6748
2.5,0.1,equity-constrained-rolling-horizon,0.2478374383,21146.55,269869.1975
3,0.1,fixed-allocation,0.2045815313,24339.45,316952.1317
3,0.1,reorder-point,0.2474365098,21777.2,407808.3301
3,0.1,cost-first,0.2318472095,20427.35,263015.7527
3,0.1,equity-aware,0.2280559081,23667.2,257330.761
3,0.1,equity-constrained-rolling-horizon,0.2241584658,23845.15,267613.6481
