scenario,ablation,worstRegionEssentialFillRate_diff,worstRegionEssentialFillRate_ci95Low,worstRegionEssentialFillRate_ci95High,regionalServiceGap_diff,regionalServiceGap_ci95Low,regionalServiceGap_ci95High,cumulativeUnmetDemand_diff,cumulativeUnmetDemand_ci95Low,cumulativeUnmetDemand_ci95High,p95WaitingTime_diff,p95WaitingTime_ci95Low,p95WaitingTime_ci95High,totalCost_diff,totalCost_ci95Low,totalCost_ci95High
M2-demand-surge,errra-no-floor,-0.0004446088262,-0.0006745533249,-0.000231125985,0.0004446088262,0.0002313833641,0.0006748213626,1.77,-39.05,40.68,-0.03,-0.17,0.11,92.51985412,-107.8811771,299.9953047
M2-demand-surge,errra-no-vulnerability,0,0,0,0,0,0,0,0,0,0,0,0,0,0,0
M2-demand-surge,errra-no-rolling,-0.02989233643,-0.03081315512,-0.02898129313,0.02944600212,0.02854584343,0.03037694576,-2897.09,-3028.57,-2779.08,-8.43,-8.7,-8.17,-452.00743,-725.1554,-161.0561788
M2-demand-surge,errra-no-essential-priority,-0.00009646379878,-0.000187645653,-0.00002129824614,0.00009646379878,0.00002130832044,0.0001876635539,-8066.25,-8155.38,-7979.69,-10.62,-10.86,-10.38,39555.06154,38922.96524,40172.18515
M2-demand-surge,errra-no-compound-awareness,-0.001308282444,-0.001640694877,-0.001000153277,0.001308282444,0.001001448091,0.001642625002,-1146.39,-1214.21,-1078.91,-3.87,-4.08,-3.66,-907.8090912,-1159.636093,-646.4785418
M2-demand-surge,errra-no-transfers,-0.0004509084537,-0.0006235486503,-0.0002837434225,0.0004509084537,0.0002841435916,0.0006239016876,35.04,-35.99,102.79,0.08,-0.12,0.28,-635.9243182,-867.8662065,-406.7139729
M2-demand-surge,errra-no-supplier-redundancy,-0.00002679488874,-0.00006444175697,0.000005255063101,0.00002679488874,-0.000005255063101,0.00006447805945,2311.5,2167.87,2447.68,-0.8,-1.11,-0.49,-8892.31699,-9127.450332,-8642.450472
M3-supply-disruption,errra-no-floor,-0.01937594827,-0.02158147975,-0.01713786412,-0.0009765169242,-0.004224294974,0.002119226177,420.8,344.93,506.02,0.26,0.15,0.38,-3427.875807,-3723.671966,-3127.239205
M3-supply-disruption,errra-no-vulnerability,0.0001186732095,-0.00001233581397,0.000242227288,-0.0007840623769,-0.001054685501,-0.0005246414227,1.37,-12.54,15.99,-0.02,-0.07,0.03,56.59716353,-177.0865759,291.9017447
M3-supply-disruption,errra-no-rolling,-0.01212094731,-0.01486559428,-0.009271652604,0.002072788489,-0.001384515549,0.00549274964,1858.51,1658.23,2053.45,1.66,1.4,1.91,342.8155441,15.76241,662.12046
M3-supply-disruption,errra-no-essential-priority,-0.008084601004,-0.01048726333,-0.005702302124,0.003068483329,0.0008348446164,0.005303322121,-2717.34,-2871.17,-2560.19,-2.97,-3.16,-2.77,23270.7096,22687.18281,23873.63863
M3-supply-disruption,errra-no-compound-awareness,-0.02643729251,-0.02868010252,-0.02421096042,0.01834112086,0.0160280179,0.02052250773,439.51,306.54,570.1,-0.05,-0.22,0.12,-1007.573395,-1290.479412,-714.1410665
M3-supply-disruption,errra-no-transfers,-0.00140030898,-0.003597731491,0.0006359439372,-0.00574829835,-0.007726686162,-0.003667644317,104,-23.53,227.65,0.2,0.02,0.4,-899.9053353,-1198.467924,-598.1901229
M3-supply-disruption,errra-no-supplier-redundancy,-0.5111328316,-0.5148907557,-0.5073361851,0.1549764822,0.150948663,0.1589139268,23593.81,23381.4,23813.23,17.86,17.56,18.17,-29339.11138,-30090.52267,-28589.66344
M4-transport-disruption,errra-no-floor,-0.00009049441828,-0.0004376320553,0.0001480567551,0.00009049441828,-0.0001480567551,0.0004376320553,5.82,-2.98,15.3,0,0,0,173.1819029,27.50221412,320.4474635
M4-transport-disruption,errra-no-vulnerability,0,0,0,0,0,0,0,0,0,0,0,0,0,0,0
M4-transport-disruption,errra-no-rolling,-0.02793291895,-0.02997942739,-0.02598859887,0.02793291895,0.02599779974,0.03000977427,362.22,331.06,392.14,0,0,0,-298.1871818,-575.5328047,-16.33455588
M4-transport-disruption,errra-no-essential-priority,0,0,0,0,0,0,-781.24,-806.48,-756.75,0,0,0,4198.39362,3926.334715,4489.817441
M4-transport-disruption,errra-no-compound-awareness,-0.03167488608,-0.03410762193,-0.02932563095,0.03167488608,0.02934378567,0.03411777876,158.51,139.28,178.62,0,0,0,-1222.982811,-1472.697701,-963.1764365
M4-transport-disruption,errra-no-transfers,-0.0003865795306,-0.0007339460527,-0.00009243867542,0.0003865795306,0.0000932225271,0.0007346125236,17.12,4.43,29.64,0,0,0,-817.4547341,-1083.196925,-579.3668818
M4-transport-disruption,errra-no-supplier-redundancy,0,0,0,0,0,0,-53.86,-68.4,-40,0,0,0,-6081.101401,-6249.670872,-5919.077735
M5-compound,errra-no-floor,-0.007441709606,-0.009284146608,-0.005504859573,-0.0121539824,-0.01439952203,-0.009713939729,484.56,419.18,553.55,-0.03,-0.16,0.1,-3499.573488,-3792.863268,-3181.367449
M5-compound,errra-no-vulnerability,-0.0001423848753,-0.0003486595704,0.00003048133731,0.0003723121798,0.0001530662102,0.0006295912911,-10.4,-34.76,14.1,0.03,-0.03,0.09,-58.80659706,-295.8431129,176.4270929
M5-compound,errra-no-rolling,-0.07534737698,-0.07945615759,-0.07146499925,0.02844373734,0.02439675809,0.03307624599,1331.18,1134.35,1500.06,-3.96,-4.28,-3.65,306.2150176,13.00135118,628.5846471
M5-compound,errra-no-essential-priority,-0.09118701338,-0.09681305815,-0.08542062913,0.02660625116,0.02055293309,0.03285895597,-3936.36,-4138.53,-3739.77,-10.51,-10.78,-10.26,47761.61295,47025.35453,48460.52843
M5-compound,errra-no-compound-awareness,-0.04968454151,-0.05313752728,-0.04634412684,0.008731322968,0.004661273371,0.01296878349,-80.81,-232,78.07,-3.94,-4.24,-3.67,-140.8298582,-461.0474059,182.7362559
M5-compound,errra-no-transfers,-0.004422061801,-0.005905702072,-0.002973511518,0.003183020541,0.001680059286,0.004693401838,95.2,-16.79,205.6,0.07,-0.13,0.27,-911.3372612,-1193.697216,-627.7969865
M5-compound,errra-no-supplier-redundancy,-0.4768809768,-0.4844820711,-0.4688314374,0.1182427416,0.1100698537,0.1268215034,22294.85,22081.46,22511.37,11.63,11.28,11.96,-17640.28593,-18413.92016,-16859.5696
M8-tight-transport,errra-no-floor,-0.001479234475,-0.002195944809,-0.0008764517184,0.001471398316,0.0008716965566,0.002202258456,-57.45,-153.6,30.34,-0.03,-0.39,0.34,-209.5407059,-327.0683588,-98.32114059
M8-tight-transport,errra-no-vulnerability,0,0,0,0,0,0,0.37,0,1.11,-0.02,-0.06,0,-8.015842353,-24.04752706,0
M8-tight-transport,errra-no-rolling,-0.04867480219,-0.05158105212,-0.04603708636,0.04866038235,0.04601526904,0.05158105212,-2051.87,-2196.73,-1910.65,1.39,0.93,1.86,-1321.805957,-1487.561985,-1153.327198
M8-tight-transport,errra-no-essential-priority,-0.5539017533,-0.5588825221,-0.5490668617,0.03720699627,0.03284219116,0.04213275971,20072.42,19687.4,20472.86,-42.54,-42.88,-42.19,124073.8797,123612.0469,124504.3564
M8-tight-transport,errra-no-compound-awareness,-0.0319233501,-0.03366470544,-0.03023950171,0.0319233501,0.0302443935,0.03366544063,-2126.71,-2256.86,-1989.57,0.6,0.18,1.01,-1295.861891,-1445.991848,-1148.013322
M8-tight-transport,errra-no-transfers,-0.0006965342522,-0.001122868105,-0.0003437761643,0.0006965342522,0.0003443931292,0.001126810709,48.1,-68.58,166.67,-0.11,-0.45,0.26,-663.6390106,-793.3044935,-541.1133794
M8-tight-transport,errra-no-supplier-redundancy,-0.1937033373,-0.201961077,-0.1855944858,0.09457547056,0.08734876756,0.1020310849,10509.17,10287.52,10742.17,5.25,4.65,5.88,-4777.924476,-5008.110915,-4555.576564
M9-extreme,errra-no-floor,-0.006117351144,-0.008849708695,-0.003202803566,-0.05954691456,-0.06826563984,-0.05086387267,225.84,159.26,295.27,-0.05,-0.18,0.09,-7036.206858,-7188.361778,-6878.795556
M9-extreme,errra-no-vulnerability,-0.001315037101,-0.00165126516,-0.0009737278363,0.0005965206285,0.00008572962903,0.00109473352,-13.84,-32.68,4.35,0.03,-0.07,0.13,-130.3892229,-214.0097947,-40.90319294
M9-extreme,errra-no-rolling,-0.07774133291,-0.08176846859,-0.07374218083,-0.05951865477,-0.07051272578,-0.04895667832,1493.17,1375.41,1615.78,-0.99,-1.18,-0.79,-2242.786828,-2457.817056,-2036.158006
M9-extreme,errra-no-essential-priority,-0.3241782125,-0.327424286,-0.3209240168,-0.0721355687,-0.07954267249,-0.06487693057,13820.62,13690.3,13948.34,-41.5,-41.69,-41.3,28269.37734,27785.64149,28702.41894
M9-extreme,errra-no-compound-awareness,-0.03563450713,-0.04008613727,-0.03107147308,-0.07334652408,-0.08608189766,-0.06160500066,180.8,88.44,273.76,-0.81,-0.99,-0.61,-1403.564361,-1577.319619,-1236.917524
M9-extreme,errra-no-transfers,-0.002874923855,-0.004906983412,-0.0009742458619,0.000626226752,-0.003807911072,0.004847110791,3.36,-65.41,69.51,-0.04,-0.17,0.1,-882.0033565,-1060.613239,-700.1949012
M9-extreme,errra-no-supplier-redundancy,-0.2617048511,-0.2643598489,-0.2591039527,0.06533566739,0.06257614609,0.06808099858,6976.38,6889.4,7059.81,-5.37,-5.63,-5.11,-23713.91871,-24301.04456,-23142.87532
