scenario,z,qScale,objective
M1-normal,0.5,0.5,278918.1149
M1-normal,0.5,1,280793.103
M1-normal,0.5,2,294284.1698
M1-normal,0.5,3,303539.12
M1-normal,0.5,5,311176.4211
M1-normal,0.5,8,314938.5281
M1-normal,0.5,12,314407.5544
M1-normal,0.5,18,314792.7487
M1-normal,1,0.5,279212.0307
M1-normal,1,1,280604.4151
M1-normal,1,2,294575.3233
M1-normal,1,3,303417.2366
M1-normal,1,5,311703.0579
M1-normal,1,8,315085.3526
M1-normal,1,12,314126.3205
M1-normal,1,18,313276.1743
M1-normal,1.65,0.5,279336.3863
M1-normal,1.65,1,281178.7485
M1-normal,1.65,2,295184.4845
M1-normal,1.65,3,304572.9274
M1-normal,1.65,5,312049.7439
M1-normal,1.65,8,314306.8398
M1-normal,1.65,12,314273.9208
M1-normal,1.65,18,314471.3463
M1-normal,2.5,0.5,280396.4917
M1-normal,2.5,1,282006.1693
M1-normal,2.5,2,295524.3026
M1-normal,2.5,3,304718.3916
M1-normal,2.5,5,312933.1689
M1-normal,2.5,8,314388.8949
M1-normal,2.5,12,315324.2728
M1-normal,2.5,18,315014.9069
M1-normal,3.5,0.5,281363.1036
M1-normal,3.5,1,282958.8852
M1-normal,3.5,2,296321.6426
M1-normal,3.5,3,305308.0114
M1-normal,3.5,5,314185.3367
M1-normal,3.5,8,316788.3614
M1-normal,3.5,12,317894.796
M1-normal,3.5,18,317223.2741
M1-normal,5,0.5,282625.8621
M1-normal,5,1,284182.5721
M1-normal,5,2,297878.9708
M1-normal,5,3,306935.9898
M1-normal,5,5,316298.0946
M1-normal,5,8,318975.9518
M1-normal,5,12,317788.149
M1-normal,5,18,317686.4785
M1-normal,7,0.5,284923.2902
M1-normal,7,1,286962.7768
M1-normal,7,2,300987.0571
M1-normal,7,3,310240.9305
M1-normal,7,5,318229.752
M1-normal,7,8,321014.431
M1-normal,7,12,320613.5839
M1-normal,7,18,320462.8743
M1-normal,10,0.5,288679.9937
M1-normal,10,1,290623.2047
M1-normal,10,2,304360.2733
M1-normal,10,3,314601.9788
M1-normal,10,5,321533.9038
M1-normal,10,8,323804.5563
M1-normal,10,12,323583.9979
M1-normal,10,18,322996.4969
M2-demand-surge,0.5,0.5,526723.6054
M2-demand-surge,0.5,1,328024.7355
M2-demand-surge,0.5,2,335459.575
M2-demand-surge,0.5,3,344189.0832
M2-demand-surge,0.5,5,349427.5937
M2-demand-surge,0.5,8,350622.2366
M2-demand-surge,0.5,12,351252.4904
M2-demand-surge,0.5,18,350391.5692
M2-demand-surge,1,0.5,549196.2258
M2-demand-surge,1,1,328794.6308
M2-demand-surge,1,2,335609.1736
M2-demand-surge,1,3,343124.4863
M2-demand-surge,1,5,348327.1479
M2-demand-surge,1,8,350104.7122
M2-demand-surge,1,12,350397.2311
M2-demand-surge,1,18,350314.7159
M2-demand-surge,1.65,0.5,560275.5989
M2-demand-surge,1.65,1,328240.5798
M2-demand-surge,1.65,2,335644.6368
M2-demand-surge,1.65,3,343312.6159
M2-demand-surge,1.65,5,349145.7495
M2-demand-surge,1.65,8,350173.2558
M2-demand-surge,1.65,12,350602.533
M2-demand-surge,1.65,18,350331.4722
M2-demand-surge,2.5,0.5,618286.8398
M2-demand-surge,2.5,1,329631.4467
M2-demand-surge,2.5,2,337107.22
M2-demand-surge,2.5,3,343964.7596
M2-demand-surge,2.5,5,350357.645
M2-demand-surge,2.5,8,351569.4761
M2-demand-surge,2.5,12,351512.3149
M2-demand-surge,2.5,18,352208.01
M2-demand-surge,3.5,0.5,595032.7656
M2-demand-surge,3.5,1,330823.7617
M2-demand-surge,3.5,2,337825.6869
M2-demand-surge,3.5,3,345520.192
M2-demand-surge,3.5,5,350101.1133
M2-demand-surge,3.5,8,352537.4519
M2-demand-surge,3.5,12,353667.1395
M2-demand-surge,3.5,18,352975.4257
M2-demand-surge,5,0.5,595609.8094
M2-demand-surge,5,1,333978.8917
M2-demand-surge,5,2,339575.8318
M2-demand-surge,5,3,347361.7883
M2-demand-surge,5,5,353518.6516
M2-demand-surge,5,8,354497.0891
M2-demand-surge,5,12,354207.5382
M2-demand-surge,5,18,355464.1829
M2-demand-surge,7,0.5,538083.3451
M2-demand-surge,7,1,338677.1411
M2-demand-surge,7,2,342567.4367
M2-demand-surge,7,3,349394.6699
M2-demand-surge,7,5,354893.1622
M2-demand-surge,7,8,357819.206
M2-demand-surge,7,12,358189.4617
M2-demand-surge,7,18,358208.9384
M2-demand-surge,10,0.5,416694.4755
M2-demand-surge,10,1,346170.3892
M2-demand-surge,10,2,347656.1507
M2-demand-surge,10,3,355404.9789
M2-demand-surge,10,5,361804.1629
M2-demand-surge,10,8,363258.8532
M2-demand-surge,10,12,362724.49
M2-demand-surge,10,18,362085.737
M3-supply-disruption,0.5,0.5,1276883.418
M3-supply-disruption,0.5,1,802385.1931
M3-supply-disruption,0.5,2,525938.4183
M3-supply-disruption,0.5,3,540362.5496
M3-supply-disruption,0.5,5,554808.0664
M3-supply-disruption,0.5,8,615078.4581
M3-supply-disruption,0.5,12,624886.0451
M3-supply-disruption,0.5,18,625435.1536
M3-supply-disruption,1,0.5,1268993.155
M3-supply-disruption,1,1,834310.1503
M3-supply-disruption,1,2,582962.5924
M3-supply-disruption,1,3,551389.2361
M3-supply-disruption,1,5,585616.8435
M3-supply-disruption,1,8,595646.3274
M3-supply-disruption,1,12,585192.5327
M3-supply-disruption,1,18,585133.5087
M3-supply-disruption,1.65,0.5,1247513.597
M3-supply-disruption,1.65,1,789911.3548
M3-supply-disruption,1.65,2,556578.4103
M3-supply-disruption,1.65,3,511963.3489
M3-supply-disruption,1.65,5,547443.0477
M3-supply-disruption,1.65,8,552883.3245
M3-supply-disruption,1.65,12,558492.7273
M3-supply-disruption,1.65,18,562520.1663
M3-supply-disruption,2.5,0.5,1242240.778
M3-supply-disruption,2.5,1,784468.259
M3-supply-disruption,2.5,2,543349.2219
M3-supply-disruption,2.5,3,537306.0855
M3-supply-disruption,2.5,5,547539.3768
M3-supply-disruption,2.5,8,558305.9882
M3-supply-disruption,2.5,12,540281.6998
M3-supply-disruption,2.5,18,545740.9117
M3-supply-disruption,3.5,0.5,1208594.373
M3-supply-disruption,3.5,1,754503.8733
M3-supply-disruption,3.5,2,526105.7308
M3-supply-disruption,3.5,3,511888.8193
M3-supply-disruption,3.5,5,511531.4422
M3-supply-disruption,3.5,8,529521.3155
M3-supply-disruption,3.5,12,527130.2741
M3-supply-disruption,3.5,18,519444.9637
M3-supply-disruption,5,0.5,1171551.871
M3-supply-disruption,5,1,728038.2616
M3-supply-disruption,5,2,517762.3036
M3-supply-disruption,5,3,454475.5742
M3-supply-disruption,5,5,511579.7953
M3-supply-disruption,5,8,528206.4385
M3-supply-disruption,5,12,530185.0623
M3-supply-disruption,5,18,526908.7708
M3-supply-disruption,7,0.5,1103667.791
M3-supply-disruption,7,1,688139.1701
M3-supply-disruption,7,2,466805.5135
M3-supply-disruption,7,3,432897.6934
M3-supply-disruption,7,5,446038.4044
M3-supply-disruption,7,8,437229.0608
M3-supply-disruption,7,12,436361.2059
M3-supply-disruption,7,18,434759.5946
M3-supply-disruption,10,0.5,972214.6236
M3-supply-disruption,10,1,627802.5581
M3-supply-disruption,10,2,409476.535
M3-supply-disruption,10,3,429168.834
M3-supply-disruption,10,5,423481.6567
M3-supply-disruption,10,8,439814.3818
M3-supply-disruption,10,12,438617.8011
M3-supply-disruption,10,18,433498.7116
M3-supply-disruption,15,0.5,829547.6607
M3-supply-disruption,15,1,539292.4709
M3-supply-disruption,15,2,392004.6715
M3-supply-disruption,15,3,416782.3857
M3-supply-disruption,15,5,419111.4742
M3-supply-disruption,15,8,442735.2129
M3-supply-disruption,15,12,443570.3894
M3-supply-disruption,15,18,445091.5592
M3-supply-disruption,22.5,0.5,640618.0885
M3-supply-disruption,22.5,1,430216.1535
M3-supply-disruption,22.5,2,380302.474
M3-supply-disruption,22.5,3,406929.6682
M3-supply-disruption,22.5,5,417539.7926
M3-supply-disruption,22.5,8,416120.02
M3-supply-disruption,22.5,12,432513.8903
M3-supply-disruption,22.5,18,422806.1953
M3-supply-disruption,33.75,0.5,447652.8539
M3-supply-disruption,33.75,1,385273.229
M3-supply-disruption,33.75,2,406280.9533
M3-supply-disruption,33.75,3,426936.3438
M3-supply-disruption,33.75,5,441784.1291
M3-supply-disruption,33.75,8,436971.6722
M3-supply-disruption,33.75,12,429518.486
M3-supply-disruption,33.75,18,430619.6768
M4-transport-disruption,0.5,0.5,320296.8217
M4-transport-disruption,0.5,1,302415.638
M4-transport-disruption,0.5,2,305424.6243
M4-transport-disruption,0.5,3,308318.5841
M4-transport-disruption,0.5,5,314382.0192
M4-transport-disruption,0.5,8,320514.8189
M4-transport-disruption,0.5,12,318958.783
M4-transport-disruption,0.5,18,319058.629
M4-transport-disruption,1,0.5,316967.5772
M4-transport-disruption,1,1,301349.263
M4-transport-disruption,1,2,303799.8913
M4-transport-disruption,1,3,310062.7028
M4-transport-disruption,1,5,315541.5792
M4-transport-disruption,1,8,318493.8134
M4-transport-disruption,1,12,318886.2718
M4-transport-disruption,1,18,317936.5022
M4-transport-disruption,1.65,0.5,313947.0982
M4-transport-disruption,1.65,1,300385.3569
M4-transport-disruption,1.65,2,305577.2374
M4-transport-disruption,1.65,3,312158.1672
M4-transport-disruption,1.65,5,316829.6674
M4-transport-disruption,1.65,8,318884.1623
M4-transport-disruption,1.65,12,319057.064
M4-transport-disruption,1.65,18,317943.5724
M4-transport-disruption,2.5,0.5,310534.8965
M4-transport-disruption,2.5,1,299266.8751
M4-transport-disruption,2.5,2,306904.8062
M4-transport-disruption,2.5,3,310292.9253
M4-transport-disruption,2.5,5,316584.1853
M4-transport-disruption,2.5,8,319804.0501
M4-transport-disruption,2.5,12,319236.4958
M4-transport-disruption,2.5,18,319788.168
M4-transport-disruption,3.5,0.5,306353.5393
M4-transport-disruption,3.5,1,296145.6614
M4-transport-disruption,3.5,2,306113.3443
M4-transport-disruption,3.5,3,311625.9159
M4-transport-disruption,3.5,5,318186.5599
M4-transport-disruption,3.5,8,319499.3966
M4-transport-disruption,3.5,12,320404.8071
M4-transport-disruption,3.5,18,320197.2149
M4-transport-disruption,5,0.5,298128.4986
M4-transport-disruption,5,1,293814.4144
M4-transport-disruption,5,2,304098.7178
M4-transport-disruption,5,3,311510.4281
M4-transport-disruption,5,5,317650.9256
M4-transport-disruption,5,8,321490.1093
M4-transport-disruption,5,12,322159.9601
M4-transport-disruption,5,18,320935.3429
M4-transport-disruption,7,0.5,291903.4359
M4-transport-disruption,7,1,291023.9192
M4-transport-disruption,7,2,302932.6391
M4-transport-disruption,7,3,311362.6601
M4-transport-disruption,7,5,319535.9579
M4-transport-disruption,7,8,320783.0236
M4-transport-disruption,7,12,321486.0648
M4-transport-disruption,7,18,321098.8685
M4-transport-disruption,10,0.5,288980.4322
M4-transport-disruption,10,1,290967.4487
M4-transport-disruption,10,2,304774.6661
M4-transport-disruption,10,3,314147.0999
M4-transport-disruption,10,5,322697.4032
M4-transport-disruption,10,8,325032.7217
M4-transport-disruption,10,12,324977.8013
M4-transport-disruption,10,18,324529.6035
M4-transport-disruption,15,0.5,296143.5683
M4-transport-disruption,15,1,298634.0861
M4-transport-disruption,15,2,311868.5029
M4-transport-disruption,15,3,322017.1675
M4-transport-disruption,15,5,330553.3683
M4-transport-disruption,15,8,330917.8664
M4-transport-disruption,15,12,331269.7868
M4-transport-disruption,15,18,331125.9825
M5-compound,0.5,0.5,1816260.354
M5-compound,0.5,1,1125387.159
M5-compound,0.5,2,686468.4872
M5-compound,0.5,3,621768.9604
M5-compound,0.5,5,573889.526
M5-compound,0.5,8,615756.2535
M5-compound,0.5,12,624927.1292
M5-compound,0.5,18,606498.1931
M5-compound,1,0.5,1811831.679
M5-compound,1,1,1149497.245
M5-compound,1,2,732605.4728
M5-compound,1,3,600585.7891
M5-compound,1,5,597139.142
M5-compound,1,8,581683.6416
M5-compound,1,12,582904.5719
M5-compound,1,18,581367.7888
M5-compound,1.65,0.5,1785558.983
M5-compound,1.65,1,1087730.131
M5-compound,1.65,2,702410.9919
M5-compound,1.65,3,597021.0436
M5-compound,1.65,5,552733.4473
M5-compound,1.65,8,568737.5987
M5-compound,1.65,12,569223.9739
M5-compound,1.65,18,577984.8947
M5-compound,2.5,0.5,1785195.595
M5-compound,2.5,1,1070652.036
M5-compound,2.5,2,699183.0633
M5-compound,2.5,3,569538.0772
M5-compound,2.5,5,567269.6328
M5-compound,2.5,8,553459.1106
M5-compound,2.5,12,553998.2213
M5-compound,2.5,18,539776.1231
M5-compound,3.5,0.5,1733372.85
M5-compound,3.5,1,1044421.736
M5-compound,3.5,2,650660.2165
M5-compound,3.5,3,582207.6386
M5-compound,3.5,5,516156.3569
M5-compound,3.5,8,528944.9806
M5-compound,3.5,12,519545.4372
M5-compound,3.5,18,521868.9737
M5-compound,5,0.5,1681399.533
M5-compound,5,1,1015514.695
M5-compound,5,2,643479.2915
M5-compound,5,3,501100.2232
M5-compound,5,5,537490.3713
M5-compound,5,8,528493.3289
M5-compound,5,12,529636.4545
M5-compound,5,18,528257.6172
M5-compound,7,0.5,1584860.532
M5-compound,7,1,951060.4725
M5-compound,7,2,571742.5602
M5-compound,7,3,472869.7002
M5-compound,7,5,466760.5601
M5-compound,7,8,451958.6166
M5-compound,7,12,444952.94
M5-compound,7,18,442783.8993
M5-compound,10,0.5,1404557.95
M5-compound,10,1,917877.743
M5-compound,10,2,521400.4606
M5-compound,10,3,491569.4157
M5-compound,10,5,453553.015
M5-compound,10,8,458959.3367
M5-compound,10,12,460246.8637
M5-compound,10,18,457617.0799
M5-compound,0.5,27,604775.2635
M5-compound,1,27,578193.3043
M5-compound,1.65,27,584281.5711
M5-compound,2.5,27,541835.2822
M5-compound,3.5,27,520847.5523
M5-compound,5,27,522964.9558
M5-compound,7,27,449757.3011
M5-compound,10,27,457483.5479
M6-long-lead,0.5,0.5,2784561.526
M6-long-lead,0.5,1,2123837.688
M6-long-lead,0.5,2,1535888.462
M6-long-lead,0.5,3,1500949.891
M6-long-lead,0.5,5,1566372.525
M6-long-lead,0.5,8,1554667.8
M6-long-lead,0.5,12,1552817.298
M6-long-lead,0.5,18,1546347.462
M6-long-lead,1,0.5,2762432.127
M6-long-lead,1,1,2079933.741
M6-long-lead,1,2,1529363.212
M6-long-lead,1,3,1450421.904
M6-long-lead,1,5,1502101.9
M6-long-lead,1,8,1498688.49
M6-long-lead,1,12,1501591.109
M6-long-lead,1,18,1501650.348
M6-long-lead,1.65,0.5,2725259.132
M6-long-lead,1.65,1,2057538.162
M6-long-lead,1.65,2,1488930.994
M6-long-lead,1.65,3,1464588.481
M6-long-lead,1.65,5,1517610.139
M6-long-lead,1.65,8,1498874.697
M6-long-lead,1.65,12,1504239.47
M6-long-lead,1.65,18,1509599.734
M6-long-lead,2.5,0.5,2658545.573
M6-long-lead,2.5,1,2027019.227
M6-long-lead,2.5,2,1458578.233
M6-long-lead,2.5,3,1415488.093
M6-long-lead,2.5,5,1446648.623
M6-long-lead,2.5,8,1471109.786
M6-long-lead,2.5,12,1449367.483
M6-long-lead,2.5,18,1465394.269
M6-long-lead,3.5,0.5,2637831.094
M6-long-lead,3.5,1,1976232.583
M6-long-lead,3.5,2,1455145.147
M6-long-lead,3.5,3,1418145.89
M6-long-lead,3.5,5,1377327.596
M6-long-lead,3.5,8,1350751.04
M6-long-lead,3.5,12,1362670.266
M6-long-lead,3.5,18,1373848.227
M6-long-lead,5,0.5,2570009.85
M6-long-lead,5,1,1894944.111
M6-long-lead,5,2,1461474.489
M6-long-lead,5,3,1378839.759
M6-long-lead,5,5,1380547.123
M6-long-lead,5,8,1362593.201
M6-long-lead,5,12,1363907.024
M6-long-lead,5,18,1358395.047
M6-long-lead,7,0.5,2427416.648
M6-long-lead,7,1,1847818.492
M6-long-lead,7,2,1382529.89
M6-long-lead,7,3,1369605.619
M6-long-lead,7,5,1335738.64
M6-long-lead,7,8,1321160.924
M6-long-lead,7,12,1325941.698
M6-long-lead,7,18,1325721.459
M6-long-lead,10,0.5,2297118.918
M6-long-lead,10,1,1698449.879
M6-long-lead,10,2,1356524.844
M6-long-lead,10,3,1321622.668
M6-long-lead,10,5,1339689.566
M6-long-lead,10,8,1333270.908
M6-long-lead,10,12,1327885.839
M6-long-lead,10,18,1338362.887
M7-tight-warehouse,0.5,0.5,3002476.381
M7-tight-warehouse,0.5,1,2415433.678
M7-tight-warehouse,0.5,2,2059266.744
M7-tight-warehouse,0.5,3,2037460.693
M7-tight-warehouse,0.5,5,2025230.359
M7-tight-warehouse,0.5,8,2036107.944
M7-tight-warehouse,0.5,12,2028056.422
M7-tight-warehouse,0.5,18,2027326.446
M7-tight-warehouse,1,0.5,2981522.045
M7-tight-warehouse,1,1,2374844.665
M7-tight-warehouse,1,2,2032728.101
M7-tight-warehouse,1,3,2022564.404
M7-tight-warehouse,1,5,2013714.356
M7-tight-warehouse,1,8,2025833.393
M7-tight-warehouse,1,12,2030251.514
M7-tight-warehouse,1,18,2029383.359
M7-tight-warehouse,1.65,0.5,2951929.54
M7-tight-warehouse,1.65,1,2352004.844
M7-tight-warehouse,1.65,2,2039253.301
M7-tight-warehouse,1.65,3,2019333.945
M7-tight-warehouse,1.65,5,2011082.061
M7-tight-warehouse,1.65,8,2020800.237
M7-tight-warehouse,1.65,12,2020914.233
M7-tight-warehouse,1.65,18,2026857.159
M7-tight-warehouse,2.5,0.5,2918198.699
M7-tight-warehouse,2.5,1,2332491.644
M7-tight-warehouse,2.5,2,1982038.987
M7-tight-warehouse,2.5,3,1940383.144
M7-tight-warehouse,2.5,5,1942886.053
M7-tight-warehouse,2.5,8,1941793.181
M7-tight-warehouse,2.5,12,1938726.225
M7-tight-warehouse,2.5,18,1947953.487
M7-tight-warehouse,3.5,0.5,2889830.829
M7-tight-warehouse,3.5,1,2298848.684
M7-tight-warehouse,3.5,2,1901048.472
M7-tight-warehouse,3.5,3,1854157.523
M7-tight-warehouse,3.5,5,1844613.011
M7-tight-warehouse,3.5,8,1854332.504
M7-tight-warehouse,3.5,12,1853972.971
M7-tight-warehouse,3.5,18,1852699.903
M7-tight-warehouse,5,0.5,2835164.652
M7-tight-warehouse,5,1,2223505.875
M7-tight-warehouse,5,2,1858905.758
M7-tight-warehouse,5,3,1850638.171
M7-tight-warehouse,5,5,1871819.222
M7-tight-warehouse,5,8,1872781.409
M7-tight-warehouse,5,12,1869104.253
M7-tight-warehouse,5,18,1870031.519
M7-tight-warehouse,7,0.5,2706403.546
M7-tight-warehouse,7,1,2105994.051
M7-tight-warehouse,7,2,1776300.096
M7-tight-warehouse,7,3,1763454.237
M7-tight-warehouse,7,5,1739804.315
M7-tight-warehouse,7,8,1773175.592
M7-tight-warehouse,7,12,1763246.927
M7-tight-warehouse,7,18,1762924.925
M7-tight-warehouse,10,0.5,2551068.641
M7-tight-warehouse,10,1,2018642.613
M7-tight-warehouse,10,2,1697351.894
M7-tight-warehouse,10,3,1691509.541
M7-tight-warehouse,10,5,1699455.638
M7-tight-warehouse,10,8,1676953.636
M7-tight-warehouse,10,12,1685260.414
M7-tight-warehouse,10,18,1683158.638
M7-tight-warehouse,15,0.5,2298506.278
M7-tight-warehouse,15,1,1909995.022
M7-tight-warehouse,15,2,1627728.508
M7-tight-warehouse,15,3,1638630.775
M7-tight-warehouse,15,5,1602026.086
M7-tight-warehouse,15,8,1594071.606
M7-tight-warehouse,15,12,1604776.758
M7-tight-warehouse,15,18,1602853.145
M7-tight-warehouse,22.5,0.5,1957358.198
M7-tight-warehouse,22.5,1,1679238.483
M7-tight-warehouse,22.5,2,1534090.546
M7-tight-warehouse,22.5,3,1523707.623
M7-tight-warehouse,22.5,5,1562152.641
M7-tight-warehouse,22.5,8,1558344.368
M7-tight-warehouse,22.5,12,1538005.359
M7-tight-warehouse,22.5,18,1551961.298
M7-tight-warehouse,33.75,0.5,1507329.464
M7-tight-warehouse,33.75,1,1439592.7
M7-tight-warehouse,33.75,2,1472097.458
M7-tight-warehouse,33.75,3,1468476.915
M7-tight-warehouse,33.75,5,1465138.532
M7-tight-warehouse,33.75,8,1480590.351
M7-tight-warehouse,33.75,12,1471736.399
M7-tight-warehouse,33.75,18,1471928.223
M7-tight-warehouse,50.63,0.5,1234389.221
M7-tight-warehouse,50.63,1,1285646.407
M7-tight-warehouse,50.63,2,1479457.131
M7-tight-warehouse,50.63,3,1528844.552
M7-tight-warehouse,50.63,5,1542211.981
M7-tight-warehouse,50.63,8,1537387.63
M7-tight-warehouse,50.63,12,1538625.331
M7-tight-warehouse,50.63,18,1534518.407
M8-tight-transport,0.5,0.5,4045099.859
M8-tight-transport,0.5,1,3440152.075
M8-tight-transport,0.5,2,2981987.381
M8-tight-transport,0.5,3,2957255.515
M8-tight-transport,0.5,5,2889600.639
M8-tight-transport,0.5,8,2879206.547
M8-tight-transport,0.5,12,2887697.683
M8-tight-transport,0.5,18,2884727.392
M8-tight-transport,1,0.5,4021943.375
M8-tight-transport,1,1,3403033.191
M8-tight-transport,1,2,3039179.71
M8-tight-transport,1,3,3000096.735
M8-tight-transport,1,5,2983894.291
M8-tight-transport,1,8,2958641.023
M8-tight-transport,1,12,2952010.952
M8-tight-transport,1,18,2947433.739
M8-tight-transport,1.65,0.5,3996444.428
M8-tight-transport,1.65,1,3408417.018
M8-tight-transport,1.65,2,2991666.555
M8-tight-transport,1.65,3,2962507.901
M8-tight-transport,1.65,5,2929205.695
M8-tight-transport,1.65,8,2928136.004
M8-tight-transport,1.65,12,2938551.987
M8-tight-transport,1.65,18,2922536.198
M8-tight-transport,2.5,0.5,3972388.39
M8-tight-transport,2.5,1,3393010.825
M8-tight-transport,2.5,2,2978357.076
M8-tight-transport,2.5,3,2951520.685
M8-tight-transport,2.5,5,2931899.263
M8-tight-transport,2.5,8,2926729.614
M8-tight-transport,2.5,12,2928776.449
M8-tight-transport,2.5,18,2926654.91
M8-tight-transport,3.5,0.5,3949456.985
M8-tight-transport,3.5,1,3270979.848
M8-tight-transport,3.5,2,2914161.808
M8-tight-transport,3.5,3,2885632.585
M8-tight-transport,3.5,5,2889599.45
M8-tight-transport,3.5,8,2856573.104
M8-tight-transport,3.5,12,2869803.721
M8-tight-transport,3.5,18,2867847.227
M8-tight-transport,5,0.5,3888903.62
M8-tight-transport,5,1,3231679.316
M8-tight-transport,5,2,2856518.059
M8-tight-transport,5,3,2810249.612
M8-tight-transport,5,5,2807648.038
M8-tight-transport,5,8,2791704.294
M8-tight-transport,5,12,2804142.509
M8-tight-transport,5,18,2800209.204
M8-tight-transport,7,0.5,3812018.634
M8-tight-transport,7,1,3067900.486
M8-tight-transport,7,2,2766674.138
M8-tight-transport,7,3,2733445.319
M8-tight-transport,7,5,2744671.29
M8-tight-transport,7,8,2723190.546
M8-tight-transport,7,12,2727806.813
M8-tight-transport,7,18,2733483.462
M8-tight-transport,10,0.5,3681749.288
M8-tight-transport,10,1,3030608.714
M8-tight-transport,10,2,2747045.047
M8-tight-transport,10,3,2701385.051
M8-tight-transport,10,5,2742313.911
M8-tight-transport,10,8,2735538.677
M8-tight-transport,10,12,2758040.782
M8-tight-transport,10,18,2737086.799
M8-tight-transport,15,0.5,3447559.98
M8-tight-transport,15,1,3093581.751
M8-tight-transport,15,2,2824783.865
M8-tight-transport,15,3,2834768.727
M8-tight-transport,15,5,2841360.168
M8-tight-transport,15,8,2844149.986
M8-tight-transport,15,12,2835665.828
M8-tight-transport,15,18,2841649.909
M9-extreme,0.5,0.5,5081962.502
M9-extreme,0.5,1,4868295.374
M9-extreme,0.5,2,4609184.565
M9-extreme,0.5,3,4492466.09
M9-extreme,0.5,5,4227256.257
M9-extreme,0.5,8,4234778.485
M9-extreme,0.5,12,4220972.659
M9-extreme,0.5,18,4222212.847
M9-extreme,1,0.5,5078656.767
M9-extreme,1,1,4851077.351
M9-extreme,1,2,4622300.451
M9-extreme,1,3,4519116.994
M9-extreme,1,5,4304412.174
M9-extreme,1,8,4250149.756
M9-extreme,1,12,4251360.977
M9-extreme,1,18,4258559.862
M9-extreme,1.65,0.5,5063140.911
M9-extreme,1.65,1,4812955.591
M9-extreme,1.65,2,4598885.715
M9-extreme,1.65,3,4471748.859
M9-extreme,1.65,5,4249204.115
M9-extreme,1.65,8,4223519.71
M9-extreme,1.65,12,4236385.762
M9-extreme,1.65,18,4242496.391
M9-extreme,2.5,0.5,5052594.09
M9-extreme,2.5,1,4808679.829
M9-extreme,2.5,2,4574176.685
M9-extreme,2.5,3,4448941.881
M9-extreme,2.5,5,4255993.832
M9-extreme,2.5,8,4210772.138
M9-extreme,2.5,12,4210619.946
M9-extreme,2.5,18,4215849.107
M9-extreme,3.5,0.5,5024774.606
M9-extreme,3.5,1,4778888.113
M9-extreme,3.5,2,4505210.489
M9-extreme,3.5,3,4406448.463
M9-extreme,3.5,5,4174864.609
M9-extreme,3.5,8,4144535.384
M9-extreme,3.5,12,4145741.398
M9-extreme,3.5,18,4152290.517
M9-extreme,5,0.5,4995109.098
M9-extreme,5,1,4728104.829
M9-extreme,5,2,4462275.799
M9-extreme,5,3,4327138.227
M9-extreme,5,5,4084969.971
M9-extreme,5,8,4055690.107
M9-extreme,5,12,4056344.266
M9-extreme,5,18,4045563.766
M9-extreme,7,0.5,4947349.671
M9-extreme,7,1,4689490.316
M9-extreme,7,2,4404068.685
M9-extreme,7,3,4257698.527
M9-extreme,7,5,4042178.897
M9-extreme,7,8,4015389.142
M9-extreme,7,12,4022773.927
M9-extreme,7,18,4026732.927
M9-extreme,10,0.5,4861489.224
M9-extreme,10,1,4609067.149
M9-extreme,10,2,4357833.345
M9-extreme,10,3,4242252.773
M9-extreme,10,5,3969688.796
M9-extreme,10,8,3954017.942
M9-extreme,10,12,3955921.969
M9-extreme,10,18,3956043.011
M9-extreme,15,0.5,4713285.161
M9-extreme,15,1,4510837.04
M9-extreme,15,2,4312207.888
M9-extreme,15,3,4229814.069
M9-extreme,15,5,3959411.618
M9-extreme,15,8,3945732.194
M9-extreme,15,12,3950424.245
M9-extreme,15,18,3945674.554
M9-extreme,0.5,27,4226163.407
M9-extreme,1,27,4254848.2
M9-extreme,1.65,27,4232901.899
M9-extreme,2.5,27,4205357.191
M9-extreme,3.5,27,4146704.183
M9-extreme,5,27,4051542.288
M9-extreme,7,27,4034725.167
M9-extreme,10,27,3961038.864
M9-extreme,15,27,3941355.729
M9-extreme,22.5,0.5,4489429.606
M9-extreme,22.5,1,4426255.997
M9-extreme,22.5,2,4315283.158
M9-extreme,22.5,3,4249390.034
M9-extreme,22.5,5,3968142.57
M9-extreme,22.5,8,3936529.428
M9-extreme,22.5,12,3942217.083
M9-extreme,22.5,18,3943145.533
M9-extreme,22.5,27,3938648.862
M9-extreme,33.75,0.5,4408445.994
M9-extreme,33.75,1,4376234.291
M9-extreme,33.75,2,4325614.15
M9-extreme,33.75,3,4277396.767
M9-extreme,33.75,5,4014275.751
M9-extreme,33.75,8,3965683.713
M9-extreme,33.75,12,3967474.299
M9-extreme,33.75,18,3967453.607
M9-extreme,33.75,27,3966891.986
