scenario,policy,meanCost,meanWorstRegionEssentialFill,meanCumulativeUnmet,paretoEfficient
M1-normal,fixed-allocation,341154.2558,0.9941650132,36.1,false
M1-normal,reorder-point,278337.2977,0.9972008691,14.28,true
M1-normal,cost-first,280006.2596,0.9992263758,836.75,true
M1-normal,equity-aware,280821.1494,0.9985988424,635.73,true
M1-normal,equity-constrained-rolling-horizon,280667.8095,0.9992574043,777.34,true
M2-demand-surge,fixed-allocation,371493.1948,0.5973119663,29009.61,false
M2-demand-surge,reorder-point,325812.7895,0.9978611733,18.55,true
M2-demand-surge,cost-first,318128.687,0.9936812517,7091.51,true
M2-demand-surge,equity-aware,317458.8,0.9736038074,5085.89,true
M2-demand-surge,equity-constrained-rolling-horizon,319263.371,0.9950698815,8233.87,true
M3-supply-disruption,fixed-allocation,335051.4124,0.592605457,23587.83,false
M3-supply-disruption,reorder-point,326304.5058,0.9973188829,493.79,true
M3-supply-disruption,cost-first,287897.9087,0.8521845714,8237.53,false
M3-supply-disruption,equity-aware,287497.1234,0.9048132091,6125.73,true
M3-supply-disruption,equity-constrained-rolling-horizon,294089.7507,0.9322697657,7382.92,true
M4-transport-disruption,fixed-allocation,340907.1665,0.75838342,1168.93,false
M4-transport-disruption,reorder-point,281809.9825,0.9981785629,52.11,true
M4-transport-disruption,cost-first,280540.0036,0.977904372,974.68,true
M4-transport-disruption,equity-aware,281072.758,0.9760674698,793.93,true
M4-transport-disruption,equity-constrained-rolling-horizon,281218.4895,0.9825405821,916.63,true
M5-compound,fixed-allocation,367500.6359,0.5271590133,32418.6,false
M5-compound,reorder-point,370978.3561,0.9741684711,1392.73,true
M5-compound,cost-first,323563.0826,0.8484589013,15243.96,true
M5-compound,equity-aware,323601.8969,0.8987881339,11677.95,true
M5-compound,equity-constrained-rolling-horizon,329369.0097,0.96222771,13197.63,true
M6-long-lead,fixed-allocation,355127.1918,0.432838211,38033.88,false
M6-long-lead,reorder-point,388779.2744,0.8107137591,13119.3,true
M6-long-lead,cost-first,325158.3126,0.6223492036,23241.14,false
M6-long-lead,equity-aware,323646.6961,0.7044738934,21830.92,true
M6-long-lead,equity-constrained-rolling-horizon,336822.9347,0.7224902933,22861.45,true
M7-tight-warehouse,fixed-allocation,349166.8347,0.3850888298,39422.34,false
M7-tight-warehouse,reorder-point,415688.756,0.8065399985,10576.95,true
M7-tight-warehouse,cost-first,320251.8086,0.5409596715,25984.73,true
M7-tight-warehouse,equity-aware,318074.6292,0.6238213716,26027.27,true
M7-tight-warehouse,equity-constrained-rolling-horizon,335360.057,0.6408935264,26514.92,true
M8-tight-transport,fixed-allocation,321595.9184,0.2639103357,47398.19,false
M8-tight-transport,reorder-point,413695.0189,0.3647433451,27849.45,false
M8-tight-transport,cost-first,298276.4058,0.9572573579,20256.58,true
M8-tight-transport,equity-aware,292173.8541,0.8245116627,26468.71,true
M8-tight-transport,equity-constrained-rolling-horizon,299229.2748,0.9651955929,20153.29,true
M9-extreme,fixed-allocation,324597.8068,0.2402519976,58934.69,false
M9-extreme,reorder-point,422389.2689,0.2660041528,43922.03,false
M9-extreme,cost-first,308354.1691,0.4733150091,43372.15,true
M9-extreme,equity-aware,296334.4312,0.4571762243,52701.51,true
M9-extreme,equity-constrained-rolling-horizon,317638.7507,0.6312024673,43425.53,true
