scenario,policy,deltaCost,deltaCostCI,gapReductionPP,costPerGapPoint,priceOfEquityRelative,status
S01-baseline,fixed-allocation,73196.70177,"[73022, 73371]",-0.4810722686,,,no_gap_reduction
S01-baseline,reorder-point,2394.886832,"[2164, 2626]",-0.02588964044,,,no_gap_reduction
S01-baseline,equity-aware,589.1112647,"[385, 793]",-0.1068067564,,,no_gap_reduction
S01-baseline,equity-constrained-rolling-horizon,129.0270824,"[-46, 304]",-0.004084561155,,,no_gap_reduction
S02-surge-low,fixed-allocation,70981.25081,"[70765, 71198]",-8.056806376,,,no_gap_reduction
S02-surge-low,reorder-point,3712.893239,"[3498, 3928]",0.05926568262,62648.2827,0.03354854231,ok
S02-surge-low,equity-aware,193.9771535,"[-24, 412]",-0.3775141246,,,no_gap_reduction
S02-surge-low,equity-constrained-rolling-horizon,194.7568018,"[-24, 414]",0.01094303572,17797.32853,0.009530579344,ok
S03-surge-mid,fixed-allocation,67044.29113,"[66838, 67251]",-19.99618643,,,no_gap_reduction
S03-surge-mid,reorder-point,8492.818878,"[8115, 8871]",0.353132639,24049.94027,0.05406282561,ok
S03-surge-mid,equity-aware,-1113.278106,"[-1340, -887]",-4.059083442,,,no_gap_reduction
S03-surge-mid,equity-constrained-rolling-horizon,265.4748959,"[43, 488]",0.1339413447,1982.023523,0.004455470194,ok
S04-surge-high,fixed-allocation,59642.45947,"[59437, 59848]",-27.23031456,,,no_gap_reduction
S04-surge-high,reorder-point,50758.66472,"[49791, 51726]",-3.329816104,,,no_gap_reduction
S04-surge-high,equity-aware,-3955.163389,"[-4210, -3701]",-9.85841601,,,no_gap_reduction
S04-surge-high,equity-constrained-rolling-horizon,2819.010829,"[2577, 3061]",0.4085267916,6900.430737,0.04553619851,ok
S05-supply-low,fixed-allocation,72392.07742,"[72203, 72581]",-3.656829718,,,no_gap_reduction
S05-supply-low,reorder-point,3962.22027,"[3704, 4220]",0.008242631466,480698.4622,0.1634382423,ok
S05-supply-low,equity-aware,485.9894471,"[294, 678]",-0.1247629741,,,no_gap_reduction
S05-supply-low,equity-constrained-rolling-horizon,431.0538694,"[223, 639]",0.008821963529,48861.44314,0.01661296844,ok
S06-supply-mid,fixed-allocation,68401.2551,"[68184, 68618]",-31.86423403,,,no_gap_reduction
S06-supply-mid,reorder-point,12482.3264,"[11764, 13200]",0.02229031567,559988.7676,0.2093966019,ok
S06-supply-mid,equity-aware,-612.8101335,"[-844, -382]",-2.20735755,,,no_gap_reduction
S06-supply-mid,equity-constrained-rolling-horizon,361.1998971,"[147, 575]",0.01504638989,24005.75153,0.008976470756,ok
S07-supply-high,fixed-allocation,64377.5037,"[64185, 64570]",-31.33945727,,,no_gap_reduction
S07-supply-high,reorder-point,87963.5167,"[87180, 88747]",-8.203795671,,,no_gap_reduction
S07-supply-high,equity-aware,-2436.387136,"[-2689, -2184]",-8.488615272,,,no_gap_reduction
S07-supply-high,equity-constrained-rolling-horizon,392.9605629,"[143, 643]",1.121244061,350.4683562,0.001666795176,ok
S08-rural-road,fixed-allocation,73146.59973,"[72971, 73322]",-13.08169473,,,no_gap_reduction
S08-rural-road,reorder-point,4940.548971,"[4684, 5197]",0.2731199615,18089.30019,0.03177578148,ok
S08-rural-road,equity-aware,562.3664465,"[367, 757]",-0.2388718961,,,no_gap_reduction
S08-rural-road,equity-constrained-rolling-horizon,218.2728071,"[24, 413]",0.1163198521,1876.488003,0.003296250939,ok
S09-surge-supply,fixed-allocation,50844.62221,"[50641, 51048]",-30.42848196,,,no_gap_reduction
S09-surge-supply,reorder-point,75906.58558,"[74983, 76830]",-23.33601993,,,no_gap_reduction
S09-surge-supply,equity-aware,-6323.133194,"[-6578, -6069]",-3.843690458,,,no_gap_reduction
S09-surge-supply,equity-constrained-rolling-horizon,2778.980109,"[2539, 3019]",3.597295091,772.5193622,0.01382743669,ok
S10-surge-supply-road,fixed-allocation,51079.61591,"[50864, 51295]",-26.06868169,,,no_gap_reduction
S10-surge-supply-road,reorder-point,76016.14852,"[75105, 76927]",-18.87732097,,,no_gap_reduction
S10-surge-supply-road,equity-aware,-6127.054032,"[-6402, -5852]",-1.539063993,,,no_gap_reduction
S10-surge-supply-road,equity-constrained-rolling-horizon,3421.334328,"[3137, 3705]",6.160984466,555.3226676,0.01856603382,ok
S11-long-lead,fixed-allocation,50897.26496,"[50680, 51114]",-27.19344295,,,no_gap_reduction
S11-long-lead,reorder-point,71740.87416,"[70870, 72612]",-20.49260134,,,no_gap_reduction
S11-long-lead,equity-aware,-7205.247758,"[-7416, -6994]",-8.288010305,,,no_gap_reduction
S11-long-lead,equity-constrained-rolling-horizon,2979.824329,"[2733, 3227]",6.359432623,468.5676389,0.01322779677,ok
S12-limited-warehouse,fixed-allocation,54220.0974,"[54157, 54283]",31.61427422,1715.051152,0.5080286764,ok
S12-limited-warehouse,reorder-point,127808.2303,"[127288, 128328]",-0.7642143629,,,no_gap_reduction
S12-limited-warehouse,equity-aware,-3129.844266,"[-3210, -3050]",47.87059099,,,dominant_lower_cost_and_gap
S12-limited-warehouse,equity-constrained-rolling-horizon,8988.438195,"[8887, 9090]",47.8818601,187.7211574,0.05560634796,ok
S13-limited-capacity,fixed-allocation,47227.57228,"[47101, 47354]",-5.514761525,,,no_gap_reduction
S13-limited-capacity,reorder-point,151625.3849,"[151144, 152106]",-51.25824058,,,no_gap_reduction
S13-limited-capacity,equity-aware,-16911.47075,"[-17082, -16741]",6.589053092,,,dominant_lower_cost_and_gap
S13-limited-capacity,equity-constrained-rolling-horizon,5034.417395,"[4813, 5256]",17.02646937,295.6818166,0.02076830637,ok
S14-extreme,fixed-allocation,50725.34669,"[50598, 50853]",47.41625048,1069.78823,0.2437424733,ok
S14-extreme,reorder-point,174548.5998,"[174211, 174886]",3.245442358,53782.68369,12.25394333,ok
S14-extreme,equity-aware,-9998.930842,"[-10120, -9878]",39.63773329,,,dominant_lower_cost_and_gap
S14-extreme,equity-constrained-rolling-horizon,12591.16082,"[12498, 12684]",48.94178426,257.2681199,0.05861643086,ok
