scenario,policy,n,overallFillRate_mean,overallFillRate_sd,overallFillRate_ci95Low,overallFillRate_ci95High,essentialMedicineFillRate_mean,essentialMedicineFillRate_sd,essentialMedicineFillRate_ci95Low,essentialMedicineFillRate_ci95High,worstRegionEssentialFillRate_mean,worstRegionEssentialFillRate_sd,worstRegionEssentialFillRate_ci95Low,worstRegionEssentialFillRate_ci95High,regionalServiceGap_mean,regionalServiceGap_sd,regionalServiceGap_ci95Low,regionalServiceGap_ci95High,cumulativeUnmetDemand_mean,cumulativeUnmetDemand_sd,cumulativeUnmetDemand_ci95Low,cumulativeUnmetDemand_ci95High,backlogArea_mean,backlogArea_sd,backlogArea_ci95Low,backlogArea_ci95High,stockoutIncidentRate_mean,stockoutIncidentRate_sd,stockoutIncidentRate_ci95Low,stockoutIncidentRate_ci95High,horizonEndUnmetRate_mean,horizonEndUnmetRate_sd,horizonEndUnmetRate_ci95Low,horizonEndUnmetRate_ci95High,meanWaitingTime_mean,meanWaitingTime_sd,meanWaitingTime_ci95Low,meanWaitingTime_ci95High,p95WaitingTime_mean,p95WaitingTime_sd,p95WaitingTime_ci95Low,p95WaitingTime_ci95High,recoveryTime90_mean,recoveryTime90_sd,recoveryTime90_ci95Low,recoveryTime90_ci95High,recoveryTime95_mean,recoveryTime95_sd,recoveryTime95_ci95Low,recoveryTime95_ci95High,recoveryTime99_mean,recoveryTime99_sd,recoveryTime99_ci95Low,recoveryTime99_ci95High,serviceLossAUC_mean,serviceLossAUC_sd,serviceLossAUC_ci95Low,serviceLossAUC_ci95High,totalCost_mean,totalCost_sd,totalCost_ci95Low,totalCost_ci95High,recovered95Share
M1-normal,fixed-allocation,100,0.9994403676,0.00009732381034,0.9994210562,0.999459679,0.9995486353,0.0001636288819,0.9995161673,0.9995811032,0.9941650132,0.002106375145,0.9937470573,0.9945829691,0.005834986811,0.002106375145,0.005417030919,0.006252942704,36.1,6.310965285,34.84775149,37.35224851,52.8,11.78682709,50.46120776,55.13879224,0.002673174504,0.0004379068743,0.002586283164,0.002760065844,0,0,0,0,0.000818499232,0.0001822545673,0.0007823355075,0.0008546629564,0,0,0,0,,,,,,,,,,,,,0,0,0,0,341154.2558,2368.994612,340684.1898,341624.3218,
M1-normal,reorder-point,100,0.9997786026,0.0000620548651,0.9997662895,0.9997909158,0.9997805383,0.0001259266723,0.9997555514,0.9998055252,0.9972008691,0.001602153247,0.9968829631,0.9975187752,0.002799130888,0.001602153247,0.002481224844,0.003117036932,14.28,4.005249081,13.48526149,15.07473851,16.37,5.125998301,15.35287767,17.38712233,0.001054295198,0.0002786991512,0.0009989945298,0.001109595866,0.000001082331728,0.000005036151069,8.303726695e-8,0.000002081626188,0.0002538427175,0.00007962453752,0.000238043279,0.000269642156,0,0,0,0,,,,,,,,,,,,,0,0,0,0,278337.2977,2502.532246,277840.7347,278833.8608,
M1-normal,cost-first,100,0.9870240398,0.00158500945,0.9867095355,0.9873385441,0.9999399008,0.00006343460892,0.9999273138,0.9999524877,0.9992263758,0.0008239923851,0.9990628757,0.9993898759,0.0007736242145,0.0008239923851,0.0006101241497,0.0009371242792,836.75,101.2900999,816.6515887,856.8484113,2050.21,361.851532,1978.409884,2122.010116,0.01193177711,0.001330403904,0.01166779272,0.01219576149,0.00001507263837,0.0000523091327,0.000004693238342,0.0000254520384,0.0317966589,0.005649713088,0.03067561886,0.03291769894,0,0,0,0,,,,,,,,,,,,,0,0,0,0,280006.2596,2683.308999,279473.826,280538.6931,
M1-normal,equity-aware,100,0.9901417636,0.001205540306,0.9899025552,0.990380972,0.9997413376,0.0002440357347,0.999692915,0.9997897602,0.9985988424,0.001107441248,0.9983790992,0.9988185856,0.00140115763,0.001107441248,0.001181414439,0.00162090082,635.73,77.23895168,620.4039195,651.0560805,1525.24,266.9073959,1472.279102,1578.200898,0.01331108419,0.00149110495,0.01301521282,0.01360695556,0.000002641079325,0.00001397540954,-1.319807244e-7,0.000005414139375,0.02365415564,0.004159667212,0.02282877683,0.02447953446,0,0,0,0,,,,,,,,,,,,,0,0,0,0,280821.1494,2648.767479,280295.5697,281346.7291,
M1-normal,equity-constrained-rolling-horizon,100,0.9879463875,0.001708487375,0.9876073822,0.9882853928,0.9999427577,0.00006540020212,0.9999297807,0.9999557347,0.9992574043,0.0008501566765,0.9990887126,0.999426096,0.0007425956953,0.0008501566765,0.0005739040008,0.0009112873898,777.34,109.5792891,755.5968126,799.0831874,1862.63,389.9165322,1785.261107,1939.998893,0.01124250406,0.00148196249,0.01094844678,0.01153656134,0.000004669215969,0.00002175419709,3.526558929e-7,0.000008985776045,0.02888351208,0.006069786797,0.02767911924,0.03008790493,0,0,0,0,,,,,,,,,,,,,0,0,0,0,280667.8095,2479.824977,280175.7521,281159.8669,
M2-demand-surge,fixed-allocation,100,0.6090639211,0.01111626776,0.6068581841,0.6112696581,0.6371714426,0.01490379388,0.6342141686,0.6401287166,0.5973119663,0.01759393299,0.5938209035,0.6008030292,0.1581441324,0.02330354455,0.1535201443,0.1627681206,29009.61,958.1050099,28819.49874,29199.72126,141100.64,11376.29716,138843.3069,143357.9731,0.3323439278,0.007466180554,0.3308624565,0.333825399,0.004279114922,0.00215127323,0.003852250161,0.004705979682,1.901308709,0.1473468534,1.872071521,1.930545896,8.73,0.6942039988,8.592253097,8.867746903,55.47,3.182829565,54.83844945,56.10155055,57.51,2.576094452,56.99884041,58.02115959,59.45,1.546419782,59.14315283,59.75684717,41.0335913,1.793179425,40.67778103,41.38940157,371493.1948,2595.298615,370978.2246,372008.1649,0.62
M2-demand-surge,reorder-point,100,0.9997501566,0.00009724889178,0.99973086,0.9997694531,0.9998020593,0.0001740322166,0.9997675271,0.9998365915,0.9978611733,0.001803913054,0.9975032333,0.9982191134,0.002138826653,0.001803913054,0.001780886571,0.002496766734,18.55,7.253525788,17.11072464,19.98927536,21.03,8.860826283,19.27179726,22.78820274,0.00106826465,0.0003408664041,0.001000628492,0.001135900808,4.054261616e-7,0.000003012472004,-1.923213136e-7,0.000001003173637,0.0002832268127,0.0001187819958,0.0002596575851,0.0003067960402,0,0,0,0,0,0,0,0,0,0,0,0,0,0,0,0,0.0128528612,0.01418228271,0.0100387525,0.0156669699,325812.7895,3246.441179,325168.6169,326456.9621,1
M2-demand-surge,cost-first,100,0.9044239642,0.006426157048,0.9031488589,0.9056990695,0.9994160024,0.0003892218836,0.9993387714,0.9994932335,0.9936812517,0.003102297584,0.9930656806,0.9942968227,0.006311416422,0.003102412632,0.005695822546,0.006927010299,7091.51,479.6042665,6996.344887,7186.675113,63587.04,7870.457022,62025.35053,65148.72947,0.05793872391,0.004080336609,0.05712908621,0.05874836161,0.00000284226275,0.00001522257836,-1.782658285e-7,0.000005862791329,0.8570283669,0.1060460872,0.8359862523,0.8780704814,6.7,1.193416283,6.463197278,6.936802722,0,0,0,0,0,0,0,0,0,0,0,0,0.0458554519,0.03377855561,0.03915296759,0.05255793621,318128.687,2872.690632,317558.6755,318698.6984,1
M2-demand-surge,equity-aware,100,0.9314591545,0.008244538389,0.9298232382,0.9330950708,0.997727472,0.0009884606388,0.9975313374,0.9979236065,0.9736038074,0.01237980823,0.9711473534,0.9760602615,0.02637183537,0.01239449183,0.02391246772,0.02883120302,5085.89,617.2314514,4963.416317,5208.363683,39811.64,4390.428781,38940.4725,40682.8075,0.1160960649,0.006776118974,0.1147515186,0.1174406111,0.000001485363097,0.000007882720008,-7.875964926e-8,0.000003049485843,0.5365161526,0.05844931263,0.5249183921,0.5481139132,1.96,0.723627227,1.816414816,2.103585184,0,0,0,0,0,0,0,0,0.51,2.280771622,0.05743961875,0.9625603812,0.1716684078,0.08588744636,0.1546262563,0.1887105593,317458.8,3032.532432,316857.0721,318060.528,1
M2-demand-surge,equity-constrained-rolling-horizon,100,0.8890282788,0.005240056611,0.8879885245,0.890068033,0.9995868862,0.0002368168001,0.999539896,0.9996338764,0.9950698815,0.002741110859,0.9945259787,0.9956137844,0.004930118463,0.002741110859,0.004386215617,0.005474021309,8233.87,394.2957321,8155.632168,8312.107832,87556.24,8235.465536,85922.12399,89190.35601,0.07342881303,0.00471535623,0.07249317204,0.07436445402,0.000007272486306,0.00004412669152,-0.000001483319029,0.00001602829164,1.18008325,0.1111464797,1.158029094,1.202137406,10.6,1.145919418,10.37262181,10.82737819,0,0,0,0,0,0,0,0,0,0,0,0,0.03129807253,0.02081765289,0.02716734553,0.03542879954,319263.371,3060.37015,318656.1194,319870.6227,1
M3-supply-disruption,fixed-allocation,100,0.6343160008,0.01442095534,0.6314545336,0.6371774679,0.6506427916,0.01989889408,0.6466943686,0.6545912145,0.592605457,0.02313976625,0.5880139664,0.5971969476,0.2508167511,0.01842990546,0.2471598111,0.2544736911,23587.83,997.805603,23389.84118,23785.81882,136340.8,14058.3813,133551.2763,139130.3237,0.2894034157,0.01200157982,0.2870220113,0.2917848201,0.008389827271,0.002887333882,0.007816910233,0.008962744309,2.113508468,0.2137562119,2.071094054,2.155922883,9.05,0.6871842709,8.913645982,9.186354018,59.37,1.307746925,59.11051131,59.62948869,59.82,0.5199067515,59.7168379,59.9231621,60,0,60,60,41.72087593,2.382336169,41.24816268,42.19358918,335051.4124,2645.912998,334526.3991,335576.4257,0.13
M3-supply-disruption,reorder-point,100,0.9923435722,0.005059262401,0.9913396918,0.9933474525,0.998892256,0.003050208238,0.9982870207,0.9994974913,0.9973188829,0.004547798756,0.9964164894,0.9982212764,0.002668733203,0.004513547982,0.001773135864,0.003564330542,493.79,325.6713438,429.1689103,558.4110897,1169.51,963.7158881,978.285405,1360.734595,0.008285206328,0.004460836267,0.007400068271,0.009170344385,3.115176849e-7,0.000002191934725,-1.234153024e-7,7.464506723e-7,0.01813629728,0.01498636348,0.01516263946,0.0211099551,0,0,0,0,0.39,1.943104878,0.004440886696,0.7755591133,1.22,3.341142368,0.5570363568,1.882963643,2.56,4.793345556,1.608884039,3.511115961,0.1248758625,0.3653329827,0.05238494221,0.1973667829,326304.5058,4485.774912,325414.4193,327194.5923,1
M3-supply-disruption,cost-first,100,0.8722841244,0.01358903129,0.8695877312,0.8749805177,0.8980209226,0.01401639352,0.8952397303,0.9008021148,0.8521845714,0.02029901754,0.8481567542,0.8562123886,0.1475836566,0.02030718599,0.1435542186,0.1516130946,8237.53,880.8347677,8062.751029,8412.308971,43595.22,8464.344607,41915.68883,45274.75117,0.07324728,0.007014412532,0.07185545051,0.0746391095,0.000005134985978,0.00004178723739,-0.000003156614943,0.0000134265869,0.675902295,0.1309751583,0.6499136485,0.7018909416,5.47,1.009600381,5.269670809,5.670329191,21.13,2.008341192,20.73149642,21.52850358,22.43,2.230436837,21.98742726,22.87257274,24.64,2.484375417,24.14703969,25.13296031,12.23279537,1.671002037,11.90122806,12.56436268,287897.9087,2591.832896,287383.6262,288412.1912,1
M3-supply-disruption,equity-aware,100,0.9050290778,0.01543664022,0.9019660741,0.9080920814,0.9227729083,0.01529939113,0.9197371382,0.9258086784,0.9048132091,0.01628633633,0.9015816051,0.908044813,0.02743010437,0.01384245947,0.02468342483,0.0301767839,6125.73,1000.503589,5927.205833,6324.254167,21386.72,4641.804077,20465.67354,22307.76646,0.1129471921,0.01426983774,0.1101157104,0.1157786739,0,0,0,0,0.3315635184,0.07160641001,0.3173550707,0.345771966,2.24,0.6215003027,2.116679273,2.363320727,17.43,2.349532513,16.96379579,17.89620421,23.96,4.21857365,23.12293272,24.79706728,30.32,2.019500888,29.91928207,30.72071793,9.207691741,1.816208191,8.847312007,9.568071475,287497.1234,2644.29048,286972.4321,288021.8148,1
M3-supply-disruption,equity-constrained-rolling-horizon,100,0.8855468913,0.01530865831,0.8825092824,0.8885845002,0.9406038383,0.01804837572,0.937022603,0.9441850736,0.9322697657,0.01957892692,0.9283848319,0.9361546994,0.05393606492,0.01734088682,0.05049521259,0.05737691725,7382.92,995.5338518,7185.38195,7580.45805,37651.49,8549.444062,35955.07304,39347.90696,0.07319635802,0.009062157591,0.07139820626,0.07499450977,0.00000492175189,0.00002591821342,-2.210499737e-7,0.00001006455375,0.5836900683,0.1320087013,0.5574963417,0.6098837948,4.3,1.114640858,4.078828232,4.521171768,13.6,1.687745493,13.26511038,13.93488962,14.68,2.107610069,14.26179907,15.09820093,19.16,3.748993131,18.41610888,19.90389112,7.122480992,2.156690044,6.694541404,7.55042058,294089.7507,2718.753188,293550.2841,294629.2172,1
M4-transport-disruption,fixed-allocation,100,0.9818745474,0.0005249024603,0.9817703941,0.9819787008,0.9813119925,0.0009009682884,0.9811332185,0.9814907664,0.75838342,0.009258537853,0.7565463016,0.7602205384,0.24161658,0.009258537853,0.2397794616,0.2434536984,1168.93,30.96144719,1162.786498,1175.073502,4542.44,262.8869373,4490.276859,4594.603141,0.07900452577,0.001136833552,0.07877895043,0.0792301011,0,0,0,0,0.0704386187,0.004209960998,0.06960326038,0.07127397703,0,0,0,0,0,0,0,0,14.6,0.7784989442,14.44552694,14.75447306,18.63,0.6301354672,18.50496585,18.75503415,2.113587183,0.1072923838,2.092297773,2.134876593,340907.1665,2369.243693,340437.0512,341377.2819,1
M4-transport-disruption,reorder-point,100,0.9991926195,0.000325643305,0.9991280039,0.999257235,0.9998526321,0.0001271777113,0.999827397,0.9998778673,0.9981785629,0.00149187715,0.9978825383,0.9984745875,0.00182143713,0.00149187715,0.001525412537,0.002117461724,52.11,21.10574387,47.92210876,56.29789124,197.08,95.28687997,178.172773,215.987227,0.004170916184,0.001710760911,0.003831459746,0.004510372622,0,0,0,0,0.003052717781,0.001471469747,0.002760742511,0.003344693051,0,0,0,0,0,0,0,0,0,0,0,0,0,0,0,0,0.0112263771,0.01283702006,0.008679201122,0.01377355308,281809.9825,2378.316802,281338.0668,282281.8982,1
M4-transport-disruption,cost-first,100,0.9848847123,0.001770890738,0.9845333246,0.9852360999,0.9982803034,0.0006718867497,0.9981469848,0.998413622,0.977904372,0.008564531327,0.9762049614,0.9796037827,0.02209562798,0.008564531327,0.02039621734,0.02379503862,974.68,112.7254536,952.3125373,997.0474627,2457.71,382.9076502,2381.73184,2533.68816,0.02049326028,0.001884916986,0.02011924705,0.0208672735,0.00001764782246,0.00007938171895,0.000001896565016,0.00003339907991,0.03811524312,0.00598898356,0.03692688359,0.03930360264,0,0,0,0,0,0,0,0,0,0,0,0,0,0,0,0,0.1992192829,0.0814943085,0.1830488364,0.2153897293,280540.0036,2488.086941,280046.3068,281033.7004,1
M4-transport-disruption,equity-aware,100,0.987689364,0.001422337127,0.9874071379,0.9879715902,0.9979610095,0.0007291067467,0.997816337,0.998105682,0.9760674698,0.009287373748,0.9742246297,0.9779103099,0.02393253025,0.009287373748,0.02208969015,0.02577537035,793.93,91.49623329,775.7749292,812.0850708,2146.05,347.8704152,2077.024076,2215.075924,0.02460681623,0.00311663804,0.02398839968,0.02522523277,0.000003240092679,0.00001541764412,1.808583243e-7,0.000006299327033,0.03327782298,0.005402534091,0.03220582925,0.03434981672,0,0,0,0,0,0,0,0,0,0,0,0,0,0,0,0,0.2071784716,0.08661663434,0.1899916315,0.2243653116,281072.758,2561.868703,280564.4211,281581.0948,1
M4-transport-disruption,equity-constrained-rolling-horizon,100,0.9857860032,0.00181485597,0.9854258918,0.9861461147,0.9986509327,0.0006439806718,0.9985231513,0.9987787141,0.9825405821,0.008326011208,0.9808884996,0.9841926645,0.01745941792,0.008326011208,0.01580733546,0.01911150039,916.63,115.9542452,893.6218667,939.6381333,2289.29,392.09222,2211.489398,2367.090602,0.01941352709,0.002021847103,0.01901234361,0.01981471057,0.000005770145216,0.00003635735204,-0.000001444034819,0.00001298432525,0.03549951223,0.006111535628,0.0342868354,0.03671218906,0,0,0,0,0,0,0,0,0,0,0,0,0,0,0,0,0.1547731439,0.07853098923,0.1391906918,0.1703555959,281218.4895,2574.439386,280707.6583,281729.3207,1
M5-compound,fixed-allocation,100,0.5630997967,0.01181187408,0.5607560345,0.5654435588,0.5687632136,0.01497835572,0.5657911447,0.5717352825,0.5271590133,0.01931529991,0.5233263895,0.530991637,0.1504834886,0.02161289384,0.1461949665,0.1547720107,32418.6,970.0918003,32226.11027,32611.08973,225140.38,17818.05465,221604.846,228675.914,0.3930780626,0.01031683163,0.3910309531,0.3951251721,0.01775574237,0.003902254773,0.01698144043,0.01853004432,3.034235938,0.2380468458,2.987001673,3.081470203,12.41,0.9111542242,12.22920491,12.59079509,60,0,60,60,60,0,60,60,60,0,60,60,50.15988528,1.860295155,49.79075762,50.52901293,367500.6359,2796.777493,366945.6875,368055.5844,0
M5-compound,reorder-point,100,0.9812432658,0.01049318111,0.9791611643,0.9833253673,0.9821701645,0.01414852311,0.9793627546,0.9849775745,0.9741684711,0.02013471772,0.970173255,0.9781636872,0.0258315289,0.02013471772,0.02183631279,0.02982674501,1392.73,780.1823518,1237.922908,1547.537092,2931.87,2045.421528,2526.008783,3337.731217,0.01251666065,0.005638343935,0.01139787653,0.01363544477,0,0,0,0,0.03947581073,0.02752153366,0.03401487127,0.0449367502,0.01,0.1,-0.009842424242,0.02984242424,7.92,4.683260541,6.990727575,8.849272425,9.58,4.411142915,8.704722309,10.45527769,11.15,4.686914947,10.22000245,12.07999755,2.14838401,1.664034785,1.818199169,2.478568852,370978.3561,5376.67626,369911.4932,372045.219,1
M5-compound,cost-first,100,0.7945557368,0.01381312182,0.7918148786,0.7972965951,0.8922983885,0.01775186266,0.8887759886,0.8958207884,0.8484589013,0.0256920588,0.843360974,0.8535568286,0.1514044431,0.02572129309,0.146300715,0.1565081712,15243.96,1040.989854,15037.40238,15450.51762,106375.39,12848.63821,103825.9087,108924.8713,0.122776885,0.006995934947,0.1213887219,0.1241650481,0.000002567370714,0.00001395530916,-2.017009342e-7,0.000005336442362,1.433757548,0.1734587073,1.399339135,1.468175961,9.84,1.041754542,9.633290644,10.04670936,17.25,1.742951172,16.90415623,17.59584377,18.49,1.755194311,18.1417269,18.8382731,20.55,1.914194717,20.17017736,20.92982264,11.89242048,1.948988197,11.50569398,12.27914699,323563.0826,2689.645137,323029.3918,324096.7734,1
M5-compound,equity-aware,100,0.8426179805,0.02058156263,0.8385340995,0.8467018615,0.9304478926,0.01819287515,0.9268379851,0.9340578001,0.8987881339,0.01802247484,0.8952120379,0.9023642298,0.04675403525,0.01257507184,0.04425883614,0.04924923435,11677.95,1537.006591,11372.97063,11982.92937,57689.25,8761.560293,55950.74404,59427.75596,0.2025116763,0.01633685173,0.1992700489,0.2057533037,0.000001491434693,0.000009022801575,-2.989078735e-7,0.00000328177726,0.777500255,0.1176916,0.7541473885,0.8008531216,5.3,0.915633026,5.11831621,5.48168379,14.19,1.649579071,13.86268352,14.51731648,15.94,1.562308574,15.6300001,16.2499999,19.5,4.298226085,18.64712775,20.35287225,7.747384293,1.918774543,7.366652908,8.128115678,323601.8969,3108.921909,322985.0114,324218.7824,1
M5-compound,equity-constrained-rolling-horizon,100,0.8221373868,0.01226024187,0.8197046576,0.824570116,0.9899196515,0.01163249851,0.9876114817,0.9922278212,0.96222771,0.01453713578,0.9593431899,0.9651122302,0.03401189549,0.01272395617,0.03148715412,0.03653663685,13197.63,923.4697925,13014.39121,13380.86879,124447,12655.19473,121935.9026,126958.0974,0.1203387396,0.007374818035,0.1188753969,0.1218020823,0.000008848238221,0.00003662306572,0.000001581334151,0.00001611514229,1.67724152,0.1703443687,1.643441068,1.711041973,12.91,1.22346585,12.66723472,13.15276528,2.78,4.286648287,1.929425061,3.630574939,4.82,5.017907327,3.82432554,5.81567446,7.58,5.857189315,6.417791648,8.742208352,1.117063728,1.3839636,0.8424517994,1.391675657,329369.0097,2930.739864,328787.4798,329950.5395,1
M6-long-lead,fixed-allocation,100,0.4874132063,0.01311766511,0.4848103435,0.490016069,0.4937749586,0.01355084792,0.4910861419,0.4964637754,0.432838211,0.01702997674,0.4294590507,0.4362173712,0.2267441718,0.01773926745,0.2232242711,0.2302640725,38033.88,1060.798063,37823.39195,38244.36805,397458.16,17880.12571,393910.3096,401006.0104,0.4692155419,0.01284574027,0.4666666356,0.4717644482,0.04832886822,0.003877380452,0.04755950194,0.0490982345,5.356568597,0.2333598074,5.310264354,5.40287284,18.75,0.9885710532,18.55384354,18.94615646,60,0,60,60,60,0,60,60,60,0,60,60,59.37648441,1.780058607,59.02327763,59.72969119,355127.1918,2607.471299,354609.8063,355644.5773,0
M6-long-lead,reorder-point,100,0.8231868098,0.02072347865,0.8190747692,0.8272988503,0.8585057818,0.02970852413,0.8526108904,0.8644006732,0.8107137591,0.0396696567,0.8028423375,0.8185851807,0.1786866769,0.04230519251,0.1702923011,0.1870810526,13119.3,1542.197452,12813.29064,13425.30936,68414.47,12734.18757,65887.69848,70941.24152,0.1178113614,0.01285886691,0.1152598505,0.1203628724,0.000009536897621,0.0000581380429,-0.000001999099497,0.00002107289474,0.9221075786,0.1718098774,0.8880163339,0.9561988234,6.87,1.050781335,6.66149951,7.07850049,25.52,2.720962397,24.9800951,26.0599049,27.79,2.9,27.2145697,28.3654303,30.38,3.106786316,29.76353828,30.99646172,16.16203796,3.324405853,15.50239525,16.82168067,388779.2744,4268.555615,387932.2895,389626.2593,1
M6-long-lead,cost-first,100,0.6867911776,0.01302100526,0.6842074945,0.6893748607,0.7352978706,0.01626044954,0.7320714032,0.738524338,0.6223492036,0.02326289719,0.6177332809,0.6269651264,0.3765955859,0.02348916267,0.3719347665,0.3812564052,23241.14,1025.191778,23037.7171,23444.5629,206461.84,18369.27923,202816.9297,210106.7503,0.1773672771,0.007742279519,0.1758310212,0.1789035331,0.00007005604972,0.0001883928496,0.00003267434125,0.0001074377582,2.782287643,0.2431225613,2.734046233,2.830529053,14.62,0.9296463974,14.43553562,14.80446438,32.62,2.67717626,32.08878333,33.15121667,34.14,2.628591819,33.61842366,34.66157634,36.49,2.81946696,35.9305494,37.0494506,29.02996519,1.880497955,28.65682881,29.40310157,325158.3126,2843.179984,324594.1568,325722.4685,1
M6-long-lead,equity-aware,100,0.7057738801,0.01880050427,0.7020434043,0.7095043559,0.7413326746,0.02214957986,0.736937661,0.7457276882,0.7044738934,0.0234282121,0.6998251682,0.7091226187,0.07235260889,0.02647777368,0.06709877671,0.07760644107,21830.92,1406.369951,21551.86211,22109.97789,122252.77,12631.22643,119746.4285,124759.1115,0.3396291009,0.01808135171,0.3360413224,0.3432168794,0.0002130842574,0.0002978555964,0.0001539824864,0.0002721860285,1.647636838,0.1695879182,1.613986484,1.681287192,9.69,1.404861688,9.411241384,9.968758616,32.09,2.899303295,31.51470794,32.66529206,35.27,2.304387559,34.81275364,35.72724636,38.17,1.96974592,37.77915466,38.56084534,28.68377165,2.502086912,28.18729695,29.18024635,323646.6961,2955.820939,323060.1895,324233.2026,1
M6-long-lead,equity-constrained-rolling-horizon,100,0.691909928,0.0153525898,0.688863602,0.694956254,0.7637954704,0.0274725938,0.7583442418,0.769246699,0.7224902933,0.02762613163,0.7170085991,0.7279719876,0.115092931,0.0350618046,0.108135819,0.122050043,22861.45,1189.179569,22625.48794,23097.41206,191948.18,18487.51183,188279.8095,195616.5505,0.2031622984,0.01050133448,0.2010785791,0.2052460178,0.00007694321752,0.0002025271813,0.000036756915,0.00011712952,2.586765284,0.246117336,2.537929638,2.63560093,14.84,1.041754542,14.63329064,15.04670936,26.17,2.309641627,25.71171111,26.62828889,28.84,2.423454417,28.35912789,29.32087211,33.74,2.556907855,33.2326475,34.2473525,26.55819141,3.012495017,25.96043937,27.15594345,336822.9347,2936.702229,336240.2218,337405.6476,1
M7-tight-warehouse,fixed-allocation,100,0.4686997864,0.0135343048,0.4660142522,0.4713853206,0.4591342318,0.01516205165,0.4561257132,0.4621427504,0.3850888298,0.01950077597,0.3812194031,0.3889582565,0.269081894,0.0201220555,0.2650891904,0.2730745976,39422.34,1092.221989,39205.61668,39639.06332,441932.83,20716.50231,437822.1737,446043.4863,0.4591133263,0.01280954162,0.4565716027,0.4616550499,0.05205684493,0.004060997716,0.05125104453,0.05286264532,5.95592787,0.2706542862,5.902223498,6.009632242,20.14,0.9536744463,19.95076787,20.32923213,60,0,60,60,60,0,60,60,60,0,60,60,63.3786322,1.964383786,62.98885084,63.76841356,349166.8347,2561.933418,348658.485,349675.1844,0
M7-tight-warehouse,reorder-point,100,0.8574580713,0.01690452236,0.8541038042,0.8608123383,0.8663483881,0.02500058675,0.8613876656,0.8713091105,0.8065399985,0.03610281746,0.7993763243,0.8137036727,0.1931441618,0.03593075749,0.1860146284,0.2002736951,10576.95,1262.117136,10326.51536,10827.38464,49495.77,9445.027274,47621.64762,51369.89238,0.07147850909,0.00775470275,0.06993978807,0.07301723011,0,0,0,0,0.6670999391,0.127442358,0.6418122857,0.6923875924,5.65,0.9142530207,5.468590037,5.831409963,20.97,3.118711855,20.35117196,21.58882804,22.35,3.412321701,21.67291265,23.02708735,24.13,3.594763307,23.41671181,24.84328819,15.16282596,2.778024928,14.61159847,15.71405345,415688.756,3488.217255,414996.6091,416380.9029,1
M7-tight-warehouse,cost-first,100,0.6498234512,0.01446247425,0.6469537457,0.6526931567,0.6800051303,0.01818932031,0.6763959282,0.6836143324,0.5409596715,0.02579486915,0.5358413441,0.5460779988,0.4579739864,0.02578651239,0.4528573172,0.4630906556,25984.73,1149.921182,25756.55776,26212.90224,256355.18,21885.81691,252012.5034,260697.8566,0.1812836594,0.00769295068,0.1797571915,0.1828101273,0.0001677180328,0.0003962262583,0.00008909713765,0.0002463389279,3.454714791,0.2902287191,3.397126377,3.512303204,16.63,1.041124101,16.42341574,16.83658426,36.73,2.703738527,36.19351273,37.26648727,38.34,2.930921874,37.75843405,38.92156595,40.74,3.617075106,40.02228461,41.45771539,34.74817134,2.144282432,34.32269373,35.17364896,320251.8086,2855.55553,319685.1971,320818.42,1
M7-tight-warehouse,equity-aware,100,0.6492543312,0.02011299539,0.6452634253,0.653245237,0.664396505,0.02278991928,0.6598744325,0.6689185774,0.6238213716,0.02916745678,0.6180338411,0.6296089021,0.06621084087,0.02357890574,0.06153221436,0.07088946738,26027.27,1555.30677,25718.65943,26335.88057,158695.61,17095.32502,155303.4831,162087.7369,0.3814549897,0.02284443938,0.3769220991,0.3859878803,0.0002923616202,0.0003802200185,0.0002169167511,0.0003678064894,2.138404574,0.2258460606,2.09359124,2.183217907,12.36,1.439135543,12.07444062,12.64555938,35.27,2.352110593,34.80328424,35.73671576,37.37,2.642523281,36.84565932,37.89434068,41.29,3.517043639,40.59213328,41.98786672,36.67135871,2.747473368,36.12619339,37.21652403,318074.6292,2615.39518,317555.6714,318593.587,1
M7-tight-warehouse,equity-constrained-rolling-horizon,100,0.6426844871,0.01723027175,0.6392655835,0.6461033907,0.6662155682,0.03058230728,0.6601472971,0.6722838394,0.6408935264,0.03012247956,0.6349164962,0.6468705566,0.09361335845,0.03676041199,0.08631920155,0.1009075154,26514.92,1352.733974,26246.50479,26783.33521,235803.14,21323.10518,231572.119,240034.161,0.2220725233,0.0115688695,0.2197769792,0.2243680675,0.0001984548027,0.000442134107,0.0001107246775,0.000286184928,3.177791203,0.2839235311,3.121453891,3.234128514,16.37,1.031376446,16.16534991,16.57465009,29.75,2.495956326,29.25474176,30.24525824,32.64,2.414267357,32.16095083,33.11904917,38.19,2.911818481,37.61222462,38.76777538,36.87528079,3.424709554,36.19573539,37.55482619,335360.057,2909.902884,334782.6617,335937.4522,1
M8-tight-transport,fixed-allocation,100,0.3612125774,0.003387864729,0.3605403429,0.3618848119,0.3654210036,0.00413345267,0.3646008264,0.3662411809,0.2639103357,0.003681429892,0.2631798508,0.2646408206,0.3622047812,0.007166347857,0.360782804,0.3636267583,47398.19,603.4164466,47278.45755,47517.92245,777689.9,17410.03876,774235.3262,781144.4738,0.5324724506,0.001676446703,0.532139803,0.5328050983,0.1639379974,0.002893613386,0.1633638344,0.1645121605,10.48050613,0.1747665427,10.44582821,10.51518405,31.78,0.916515139,31.59814118,31.96185882,60,0,60,60,60,0,60,60,60,0,60,60,73.65132427,0.4182317194,73.56833696,73.73431159,321595.9184,1966.47817,321205.7214,321986.1153,0
M8-tight-transport,reorder-point,100,0.6246923692,0.01538781028,0.6216390546,0.6277456838,0.6784814097,0.04189008135,0.6701694021,0.6867934174,0.3647433451,0.02943509048,0.3589027096,0.3705839807,0.6321886272,0.02955504649,0.6263241895,0.6380530649,27849.45,1224.249648,27606.52919,28092.37081,195710.42,12098.56725,193309.771,198111.069,0.2684000055,0.009609759914,0.2664931961,0.2703068148,0.0174339419,0.00230929072,0.01697572264,0.01789216116,2.637447708,0.1573258097,2.606230454,2.668664963,11.9,0.8819171037,11.72500627,12.07499373,59.99,0.1,59.97015758,60.00984242,60,0,60,60,60,0,60,60,37.41945508,4.731537274,36.48060338,38.35830678,413695.0189,2859.060996,413127.7119,414262.3259,0
M8-tight-transport,cost-first,100,0.7269916031,0.009049961594,0.7251958713,0.7287873349,0.9945518703,0.002623316638,0.9940313407,0.9950723999,0.9572573579,0.01329735124,0.954618841,0.9598958747,0.04270072888,0.01328600441,0.04006446352,0.04533699424,20256.58,689.5520458,20119.75616,20393.40384,522625.34,14369.8588,519774.0117,525476.6683,0.1891601398,0.00585748608,0.1879978726,0.190322407,0.06853489527,0.003666933376,0.06780728679,0.06926250374,7.044059779,0.1992849126,7.004516821,7.083602736,49.69,1.957606248,49.30156346,50.07843654,0,0,0,0,0.11,0.8027100562,-0.04927713479,0.2692771348,0.17,1.214849203,-0.07105553275,0.4110555328,0.4641083967,0.2344047202,0.4175968177,0.5106199757,298276.4058,2699.013976,297740.8559,298811.9556,1
M8-tight-transport,equity-aware,100,0.6432620684,0.008276782284,0.6416197542,0.6449043827,0.9632761104,0.004734935669,0.9623365843,0.9642156364,0.8245116627,0.02231032148,0.8200847541,0.8289385713,0.1707043591,0.02211415542,0.1663163745,0.1750923436,26468.71,631.9518313,26343.31544,26594.10456,351221.38,12716.13969,348698.1896,353744.5704,0.427176601,0.008207069019,0.4255481196,0.4288050825,0.04055865839,0.005326164106,0.03950181832,0.04161549847,4.733795241,0.1732845485,4.699411386,4.768179096,22.54,0.936574459,22.35416092,22.72583908,32.25,21.66847312,27.95044964,36.54955036,38.24,20.4688085,34.17849218,42.30150782,43.6,20.27736958,39.5764783,47.6235217,3.916361913,0.6161727928,3.794098293,4.038625532,292173.8541,2812.910708,291615.7044,292732.0038,0.97
M8-tight-transport,equity-constrained-rolling-horizon,100,0.7283874039,0.00923968054,0.7265540273,0.7302207805,0.9973040615,0.001047143225,0.9970962829,0.9975118401,0.9651955929,0.01356653891,0.9625036627,0.9678875231,0.03480440713,0.01356653891,0.03211247692,0.03749633733,20153.29,710.6984372,20012.2702,20294.3098,526545.78,18606.8235,522853.7351,530237.8249,0.2143099874,0.006650154811,0.2129904355,0.2156295394,0.06803379791,0.003741899923,0.06729131425,0.06877628157,7.096739544,0.2511475452,7.046905782,7.146573305,48.45,2.129043983,48.02754606,48.87245394,0,0,0,0,0,0,0,0,0,0,0,0,0.2267611597,0.09182452669,0.2085409476,0.2449813718,299229.2748,2733.683353,298686.8458,299771.7039,1
M9-extreme,fixed-allocation,100,0.297410166,0.002114493025,0.2969905993,0.2978297326,0.3086777074,0.003301803825,0.3080225495,0.3093328653,0.2402519976,0.002798401434,0.239696727,0.2408072683,0.2421272703,0.008435311688,0.2404534999,0.2438010406,58934.69,648.9948047,58805.9137,59063.4663,1442684.83,24503.62822,1437822.716,1447546.944,0.5945149934,0.002351513403,0.5940483962,0.5949815907,0.2379973779,0.003115341797,0.2373792185,0.2386155372,17.19864953,0.2029909203,17.15837121,17.23892785,47.64,0.8105366722,47.47916987,47.80083013,60,0,60,60,60,0,60,60,60,0,60,60,77.39113883,0.2833387032,77.33491756,77.4473601,324597.8068,2092.527088,324182.5987,325013.0149,0
M9-extreme,reorder-point,100,0.4763854361,0.00389530392,0.4756125134,0.4771583589,0.4837983799,0.007652285817,0.4822799809,0.4853167789,0.2660041528,0.0064214977,0.264729972,0.2672783336,0.7215171299,0.01060922955,0.7194120015,0.7236222582,43922.03,580.5585338,43806.83311,44037.22689,1021409.89,20199.99082,1017401.722,1025418.058,0.2805471238,0.005937117517,0.2793690558,0.2817251919,0.1267936686,0.003306036554,0.1261376708,0.1274496664,12.17687644,0.2119278694,12.13482481,12.21892806,35.03,0.7843803448,34.87435992,35.18564008,60,0,60,60,60,0,60,60,60,0,60,60,59.69567063,0.7811988085,59.54066184,59.85067941,422389.2689,2538.95068,421885.4796,422893.0583,0
M9-extreme,cost-first,100,0.4829415668,0.005395501496,0.4818709685,0.4840121651,0.6205241629,0.01009087039,0.6185218896,0.6225264362,0.4733150091,0.01378343645,0.4705800412,0.476049977,0.5005776661,0.01800316817,0.497005401,0.5041499311,43372.15,659.8691847,43241.21596,43503.08404,1284894.13,26887.12533,1279559.073,1290229.187,0.3259604008,0.006349678084,0.3247004708,0.3272203309,0.1780186235,0.004868484323,0.1770525982,0.1789846488,15.31776716,0.2710957174,15.26397519,15.37155912,69.18,0.8087900928,69.01951644,69.34048356,32.95,1.53987406,32.64445166,33.25554834,33.88,1.584521086,33.5655926,34.1944074,35.15,1.765980427,34.79958667,35.50041333,37.02605249,1.164377194,36.79501182,37.25709315,308354.1691,2705.171949,307817.3974,308890.9408,1
M9-extreme,equity-aware,100,0.3717256323,0.008027584252,0.370132765,0.3733184997,0.5026882396,0.01536307609,0.4996398329,0.5057366463,0.4571762243,0.02411599721,0.4523910259,0.4619614228,0.06443101667,0.02287559162,0.05989194473,0.06897008861,52701.51,908.2606031,52521.28908,52881.73092,1055129.67,31918.61145,1048796.244,1061463.096,0.6366010574,0.009673765632,0.6346815477,0.638520567,0.1382859338,0.005590446097,0.1371766538,0.1393952139,12.57802241,0.3302591111,12.51249099,12.64355382,47.9,1.226804999,47.65657215,48.14342785,59.85,1.166666667,59.61850505,60.08149495,60,0,60,60,60,0,60,60,56.50877758,1.853383382,56.14102138,56.87653377,296334.4312,2707.536544,295797.1904,296871.6721,0
M9-extreme,equity-constrained-rolling-horizon,100,0.4823072584,0.007853710106,0.4807488919,0.4838656248,0.6476356008,0.01802954679,0.6440581017,0.6512131,0.6312024673,0.01757891828,0.6277143838,0.6346905509,0.1349964023,0.05334568119,0.124411326,0.1455814787,43425.53,824.6836609,43261.89277,43589.16723,1259266.21,31004.46916,1253114.172,1265418.248,0.3744356429,0.008548780132,0.3727393577,0.3761319281,0.1759033443,0.004682914077,0.1749741406,0.1768325479,15.01193684,0.315167983,14.94939988,15.07447381,71.04,0.8399134155,70.87334082,71.20665918,30.62,1.674406272,30.2877572,30.9522428,32.41,1.65202661,32.08219787,32.73780213,36.49,1.839493782,36.12499984,36.85500016,37.57070092,1.963728652,37.18104955,37.96035229,317638.7507,2804.865168,317082.1975,318195.304,1
