factor,label,lo,hi,rho_dWorst,rho_dUnmet,rho_dCost,rho_errraWorst
surge,Demand surge magnitude,1,2.2,0.4790486583,-0.1781933008,0.457558938,-0.6703779469
supply,Supply factor during disruption,0.2,1,-0.5070803459,0.1440946843,-0.4024347677,0.3099572271
road,Rural road delay factor,1,2.5,0.09453335963,-0.02123702392,0.09703307393,-0.3804109922
lead,"Lead-time extension (rural, suburban)",1,2.5,0.09615636352,-0.1835599571,0.03276779583,-0.04301399062
duration,Disruption duration (days),10,45,0.1492219382,0.2132103215,0.3141665713,-0.2114793145
capacity,Dispatch/truck capacity multiplier,0.6,1.4,-0.1678560828,0.1792261479,-0.04784847791,-0.005681363012
inbound,Upstream inbound coverage,1,1.4,-0.06591584562,-0.1521582588,-0.2411578737,0.1936241131
whStock,Warehouse initial stock (days),5,30,-0.04269022374,-0.2147252593,-0.283226997,0.2154604887
ruralVuln,Rural vulnerability weight,1,2,0.00008154360622,0.06899118057,0.06777437629,-0.0625922694
volatility,Demand volatility scale,0.5,1.5,0.1382142667,0.008786710463,0.04042472534,0.03863655871
