i,surge,supply,road,lead,duration,capacity,inbound,whStock,ruralVuln,volatility,errraWorst,cfWorst,eqWorst,dWorst,dUnmet,dCost,dGap,dWorstVsEq
0,1.194947386,0.4558434559,1.100613788,1.840093699,12.07027969,1.376295432,1.210852922,15.7408392,1.202487658,1.427104723,0.9975520926,0.9978013396,0.9913829108,-0.0002492469597,-1.6,829.4873882,0.0002492469597,0.006169181826
1,2.054431563,0.896420551,2.0864158,1.569279235,36.49068155,1.204281545,1.289147003,16.44273222,1.726265091,0.6421181983,0.9020310433,0.8243616361,0.8239533048,0.07766940717,-1960.2,6383.705318,-0.1212759771,0.07807773846
2,1.722772517,0.5572277439,2.148314656,2.359909301,24.25396238,1.327063017,1.060908808,17.18961405,1.509123784,1.339059034,0.8367645842,0.6315741427,0.7576181576,0.2051904415,-2587.8,14793.07873,-0.3247328639,0.07914642658
3,1.4038191,0.5986145804,2.344275795,2.056308824,37.79588569,0.6535883156,1.177887225,10.77064539,1.744038593,1.32448981,0.7924846278,0.5651637084,0.534061432,0.2273209194,-2927,13732.358,-0.3276055095,0.2584231958
4,1.08817064,0.694684684,1.268206639,2.024138964,44.63133674,1.164443041,1.157072778,12.2608471,1.577777794,1.396790919,0.9975944941,0.9973543124,0.9943428889,0.0002401816468,-1,2016.954918,-0.0002401816468,0.003251605177
5,1.285126096,0.2365317191,2.395028923,1.753497684,11.64953008,0.7622164604,1.353267058,11.13664708,1.345214969,1.136805528,0.9664324556,0.9077692709,0.7857548377,0.0586631847,-1412,2479.783153,-0.0506884412,0.1806776178
6,1.257244667,0.6630546277,1.835294536,1.203008461,27.66235695,1.128146707,1.222062846,22.58823904,1.560039987,0.5312385255,0.9845829027,0.9840267292,0.9773255938,0.0005561735261,-12.4,542.1587647,-0.0005561735261,0.007257308976
7,1.063429542,0.8677907314,1.286709261,1.301589917,17.49044285,0.6004316678,1.361874868,19.26193189,1.02914535,0.6123182039,0.9991757819,0.9973938187,0.6372828282,0.001781963157,-28.6,113.9449765,-0.001781963157,0.3618929537
8,1.841947555,0.6290440844,1.426894196,1.265540261,39.84540529,1.217067574,1.045654761,21.55462143,1.636217818,0.7494920563,0.491139796,0.4551563909,0.4583892707,0.03598340509,3107.4,10564.5516,-0.3813083033,0.03275052533
9,1.60843347,0.4578647049,1.13836127,1.011346414,14.25731081,1.305875857,1.371261724,27.60876145,1.76784365,1.063883834,0.9963052597,0.9912017035,0.9157115776,0.005103556184,-110.4,179.4954941,-0.005103556184,0.08059368208
10,1.833884319,0.9683094074,2.248744306,2.472905537,19.4603534,1.392392163,1.14625084,24.87081311,1.685267813,0.7834559009,0.9019871263,0.901666357,0.8953740308,0.0003207693401,-41.4,-624.5689176,-0.0003207693401,0.006613095464
11,2.035531687,0.5738917407,1.346812658,2.200595163,23.16730832,0.7068173622,1.159217459,25.15232447,1.014261346,0.5835145294,0.8887738251,0.6831563468,0.5279553579,0.2056174783,-5648.2,8535.167412,-0.1562036217,0.3608184672
12,1.269637106,0.8054950164,1.469276175,1.054905128,14.74377485,1.259392058,1.008033096,17.71723312,1.665439424,1.456870544,0.9942282814,0.9938620166,0.9913382288,0.0003662648105,-1,1202.056612,-0.0003662648105,0.002890052558
13,1.538598887,0.8844390473,1.287173187,1.385314149,29.73047828,1.123133854,1.252903477,6.148182818,1.870633555,0.7796978297,0.9876156036,0.9871906877,0.9713228524,0.0004249158627,-48.6,4305.885035,-0.0004249158627,0.01629275123
14,1.497464559,0.6689477075,1.744826063,1.00516707,24.21644437,0.9294133563,1.173150065,12.73143257,1.447744191,0.5212576171,0.9761510784,0.9752962552,0.8803806342,0.0008548232797,-177,828.8579529,-0.0008548232797,0.09577044422
15,1.593895943,0.436226458,2.295169893,1.533530567,44.96680745,0.6437144676,1.033266736,18.81147209,1.649583642,1.0757555,0.4646497497,0.2632789549,0.2867253303,0.2013707948,230.4,11395.37876,-0.6737747213,0.1779244195
16,1.172607446,0.5914266009,1.645360267,2.068143175,17.56675068,1.188886691,1.280635838,28.49963226,1.961185874,0.7865855936,0.9896484445,0.9892917869,0.9802224521,0.0003566575848,-14,1306.300306,-0.0003566575848,0.009425992402
17,1.106381443,0.7836235823,2.372707455,1.10492089,20.84498971,1.094847716,1.024915769,12.19483109,1.850392059,1.26238419,0.9762899727,0.973114512,0.9708807984,0.003175460696,-9.4,839.7157765,-0.003175460696,0.005409174286
18,1.379538742,0.8006871726,1.14308604,2.35608843,35.21691484,0.7427768705,1.277951237,6.700770627,1.688747559,1.084450405,0.9955511166,0.9924938998,0.744098359,0.003057216827,-85,1464.948718,-0.003057216827,0.2514527576
19,2.058921311,0.8936810729,1.35902417,1.951412716,21.40375029,0.8700563344,1.052318611,23.00138654,1.116461308,0.865595133,0.9530216961,0.9441765442,0.7248710792,0.008845151849,-828.8,2033.263647,-0.008845151849,0.2281506168
20,1.900583555,0.7923622132,2.260078241,1.906109428,42.69182677,0.7899931782,1.108114636,28.57478251,1.693579428,0.7111512868,0.6632941448,0.5069138744,0.54181123,0.1563802704,-1281.6,19303.95391,-0.3473446631,0.1214829148
21,1.515361341,0.7119211744,1.697892789,1.948034577,37.95761522,0.7185848399,1.320868554,24.80549335,1.585345482,0.9349860901,0.9718070441,0.9595314539,0.6311153851,0.01227559026,-639.4,838.0471412,-0.01227559026,0.340691659
22,1.809295454,0.9943396507,1.881991687,2.319676832,26.62879287,0.960898585,1.202821093,17.38798898,1.099925385,0.6199383876,0.9326243546,0.9314133366,0.8468254303,0.001211018041,-198,-472.2340471,-0.001211018041,0.08579892432
23,2.182890695,0.9568351677,2.219464579,1.529731128,25.84473394,1.339383681,1.218446182,7.23856026,1.09020763,0.7500878843,0.7081860738,0.5758330569,0.6793912836,0.1323530169,-1185,16589.95541,-0.3583388909,0.02879479019
24,1.038363032,0.4202802808,2.496758686,2.476563279,30.89163947,1.006893756,1.380939561,24.53745423,1.599287976,0.9960275097,0.9733483093,0.9706739999,0.9201291194,0.002674309365,-88.8,-339.4339882,-0.002674309365,0.05321918983
25,1.057909579,0.5542916671,1.696848784,1.888166923,34.61082286,1.274373381,1.367259523,15.48676602,1.618134213,0.7275761174,0.9928808101,0.9924035234,0.9886901199,0.0004772866551,-3.4,1063.269706,-0.0004772866551,0.004190690219
26,1.374791216,0.3053466648,2.075415053,1.849992972,36.69617423,1.19808665,1.27123306,27.22774059,1.614475561,1.030693961,0.9626575057,0.8921027839,0.7416620314,0.07055472174,-1737.8,2491.6254,-0.07055472174,0.2209954742
27,1.205530249,0.6891455125,2.102764586,1.173137549,44.01912852,1.328228582,1.218821251,23.07962508,1.195375222,1.496477189,0.982703301,0.9814358935,0.9773314701,0.001267407496,-2.2,-260.0062,-0.001267407496,0.005371830857
28,1.327291478,0.2557204318,2.413765711,1.020885312,11.84929932,1.344289834,1.339820038,15.56752912,1.061286219,1.143555301,0.9720062222,0.9604419556,0.9322425242,0.01156426659,-469.2,2505.037094,-0.01156426659,0.03976369795
29,1.953849316,0.3676244352,2.443092864,1.177339604,29.52182723,0.7586098026,1.12880647,10.07245198,1.330936867,1.007528475,0.3599337679,0.2643406543,0.3122890895,0.09559311362,1724.4,12574.03134,-0.5900321896,0.0476446784
30,1.571056882,0.5420793445,2.014884756,1.216390113,33.82216243,0.7213869309,1.269229905,23.59726769,1.351935993,1.105155429,0.9555366092,0.7357618368,0.6030229764,0.2197747724,-4417.8,2183.314918,-0.2193454345,0.3525136328
31,1.274548203,0.7001343625,2.061569544,1.825498941,33.48579857,1.111459351,1.235335505,8.02533899,1.452185069,0.5399467821,0.9672090683,0.9659982813,0.9608919802,0.001210787012,-19,1661.316106,-0.001210787012,0.006317088176
32,1.479722201,0.5825816584,2.198320103,2.151220841,38.30935433,0.9514603949,1.112823984,9.72037829,1.625595753,0.8781021838,0.4629088388,0.409646389,0.4503404143,0.05326244974,2588.8,16430.79426,-0.4191933086,0.01256842445
33,1.817071193,0.4240890053,1.862100248,1.958877699,33.22894798,1.179441336,1.147194951,14.9656059,1.334456777,1.241246366,0.4231153385,0.3002638317,0.4295179286,0.1228515068,1400,12055.30721,-0.4355933624,-0.0064025901
34,1.053027479,0.5257473227,1.516962292,1.222929035,35.79948537,0.678477359,1.116965329,16.39198049,1.826758708,1.416705648,0.9982810768,0.9967205698,0.6764987639,0.001560507017,-36.4,904.9807059,-0.001560507017,0.3217823129
35,1.951521529,0.6068146157,1.085425823,1.125658321,10.73212694,0.7465264908,1.266761889,25.84915366,1.118928693,1.333910152,0.9805910966,0.9034764056,0.7431820357,0.07711469093,-1512.8,2012.675929,-0.07623191795,0.2374090609
36,1.737671494,0.9295936776,1.51023698,2.015543262,31.51821546,1.321795216,1.144443706,20.19585148,1.737864138,0.9073959026,0.9680384486,0.96487351,0.9575398318,0.003164938568,-36.4,2519.025929,-0.003164938568,0.01049861677
37,2.038616118,0.5751574658,2.1867001,1.487047708,31.95321201,0.9659014934,1.39402604,21.86456475,1.861116537,0.9035856556,0.9145958614,0.6370881082,0.6450931524,0.2775077531,-5922.2,6267.720529,-0.2957263613,0.269502709
38,1.340636863,0.6572413956,2.114472389,1.321545705,26.53011524,1.267452563,1.243918584,13.75544081,1.802090437,1.495615191,0.9725157967,0.9711309873,0.9580799491,0.00138480938,-10.8,166.9328235,-0.00138480938,0.01443584753
39,2.062916144,0.4888512672,2.214194668,2.026825342,18.83590941,1.367377947,1.308500011,8.106168762,1.63931069,0.8478664734,0.8475673639,0.690808467,0.79940573,0.1567588969,-2049.6,7650.913012,-0.2471290244,0.04816163395
40,2.049025414,0.5026299878,1.445646381,1.865079197,10.41093498,1.232506892,1.276108783,17.92577361,1.729335602,0.6287252253,0.9500738734,0.9278141291,0.9011572087,0.02225974432,-1128.4,2088.788729,-0.02166682233,0.04891666471
41,1.755243035,0.6363640544,1.525905234,1.368933672,37.43894941,0.9853254677,1.209085003,14.90580658,1.798473166,1.375218154,0.6354000727,0.5351905344,0.604105809,0.1002095383,121.2,16960.75136,-0.3342417353,0.03129426367
42,1.645737742,0.5953434452,2.481165707,1.427213639,16.81054967,0.7950123818,1.187659046,9.056817548,1.906446233,0.5912372884,0.923850947,0.8738787159,0.7305184417,0.04997223104,-1944.6,3357.996859,-0.04814122409,0.1933325053
43,1.898164491,0.3024866637,2.043097962,2.306224537,27.31274711,1.337401637,1.001423653,20.34928025,1.529871875,0.7595341062,0.4272081551,0.2880837107,0.3863630111,0.1391244444,1185.6,13054.57347,-0.5146625871,0.04084514402
44,1.468744971,0.343289038,1.187988147,1.670824808,27.92585925,0.6229816753,1.124747865,14.8327074,1.823660189,1.35773643,0.6178836278,0.3813902654,0.4495065432,0.2364933625,-2875.8,24396.35627,-0.5125835697,0.1683770846
45,1.1766113,0.7727954642,2.157240988,1.651701596,38.92619071,0.8991530797,1.378434981,15.39923993,1.007930545,0.5609313516,0.9715839348,0.9715839348,0.9520471477,0,-38.2,-202.2898588,0,0.01953678708
46,1.676781526,0.5520048062,1.486083792,1.014941011,21.26074798,0.7347780891,1.104305952,22.81050115,1.241598368,0.9714569271,0.9714226715,0.8382451352,0.6805878518,0.1331775363,-2591.2,2861.957906,-0.1329188041,0.2908348197
47,1.883273309,0.3581025414,1.478741936,1.280794253,19.57049727,0.956341729,1.016481548,5.010863633,1.363405432,0.9460346184,0.3282883013,0.2891995552,0.3378709128,0.0390887461,3651.8,12506.02645,-0.5254133336,-0.009582611565
48,1.298407709,0.3190433499,1.558629743,1.662859453,37.73447131,0.7473307916,1.109572725,24.21042711,1.088948318,0.6161877016,0.8419711066,0.4882587781,0.5543650791,0.3537123285,-6982,20293.78821,-0.3811045716,0.2876060275
49,1.87912408,0.2464871893,2.236789545,2.046849051,26.71346114,1.068619996,1.030409453,12.3710175,1.976491672,1.177905048,0.3698078777,0.2771062105,0.3277904392,0.0927016672,1756.2,9308.282671,-0.5485896148,0.04201743849
50,2.129027746,0.4852220115,1.711313633,1.22234079,30.77315328,1.39433131,1.019272215,20.56554103,1.569200011,1.312672758,0.4054705829,0.3239607351,0.406526836,0.08150984777,2173.2,8174.658165,-0.4273139227,-0.001056253123
51,1.692611317,0.7655640197,1.721905953,1.164876182,42.51050753,1.071325841,1.050880996,9.637520917,1.02141897,1.347083795,0.4241011145,0.3881069916,0.4233813297,0.03599412296,3473.6,11710.56366,-0.4797652944,0.0007197848279
52,1.522218538,0.2761133853,2.009242425,1.274513592,20.76399857,1.230296892,1.094225666,5.227672973,1.755979679,0.9171405838,0.3665566993,0.3253554671,0.3741646443,0.04120123227,3241.8,19261.72194,-0.4254968725,-0.007607944934
53,1.144005104,0.5462573322,2.438135143,1.79967884,40.81813002,0.8362730568,1.041204456,23.21892736,1.891454954,0.5545368311,0.9614035458,0.9615153001,0.7890567122,-0.0001117543333,-81.4,849.8482118,0.0001117543333,0.1723468335
54,1.332131221,0.7367910906,1.570602222,2.089983426,43.05822445,1.24734226,1.253680046,25.26147249,1.416375401,0.7451273301,0.9792975006,0.9789717677,0.9724586775,0.000325732899,-15.8,572.3725059,-0.000325732899,0.00683882306
55,1.863646337,0.9339681838,1.739518392,1.331457334,28.58258039,1.382931975,1.082234153,7.785754965,1.791381471,0.518140428,0.45171579,0.4092042996,0.4420666509,0.0425114904,3135.6,24999.07921,-0.4935759791,0.009649139066
56,1.532998556,0.6608882857,1.064142985,1.260784251,35.89023229,0.6889453323,1.333240877,28.77067506,1.053189156,1.256484296,0.9954147273,0.9695224911,0.643301087,0.02589223618,-495.4,433.4980235,-0.02585688176,0.3521136403
57,2.079540119,0.739172779,2.110681578,2.328599218,12.48816767,1.131373436,1.0294853,14.03136042,1.872467294,1.049530964,0.930753829,0.8727131817,0.8924742039,0.05804064731,-1878.4,2837.623788,-0.0613912177,0.03827962511
58,1.115995859,0.4414798689,1.18546804,2.468822382,22.73169206,1.397431533,1.129821116,9.181345992,1.311300923,1.253599914,0.9969748816,0.9967316249,0.9874759192,0.0002432567045,-9,3371.8,-0.0002432567045,0.009498962417
59,1.894357272,0.2573576498,1.657747872,2.499100126,30.59424565,0.6349256064,1.389139663,22.74567806,1.631315649,0.6627087876,0.5852756022,0.4888445658,0.3026494639,0.09643103641,-703.6,12775.51141,-0.4164859045,0.2826261382
60,1.49527461,0.5094885588,2.208560731,1.99527118,11.53428651,1.003467947,1.310836853,7.876006446,1.063182113,0.9251882026,0.9559663861,0.950317085,0.9218656842,0.0056493011,-538,1271.441588,-0.005610957542,0.03410070184
61,1.760317448,0.9035516904,2.322076746,2.311326584,30.02424089,1.385967869,1.084523141,9.825954963,1.058550279,0.5387800006,0.5979020167,0.4685923197,0.595002766,0.129309697,-651.2,26175.03691,-0.4470774332,0.002899250738
62,1.525243475,0.3488994121,2.404090585,1.035529627,41.31663454,0.6812772072,1.196594607,14.55324623,1.601840712,1.154534878,0.4437026046,0.2690596208,0.3580491214,0.1746429838,341,16248.09496,-0.6359260815,0.08565348313
63,1.624372959,0.6782481363,1.669776528,1.718065375,31.04317083,1.26372164,1.375083689,8.85672805,1.314772907,1.120859308,0.9708814192,0.9643106872,0.9179860319,0.006570732035,-195.8,3845.631318,-0.006643265884,0.05289538726
64,1.353555169,0.2680264782,1.005595461,2.078534539,13.46635758,0.992546066,1.377596268,26.41508868,1.096581839,1.095117938,0.9966721736,0.9306037419,0.8854406596,0.06606843167,-1035.4,1910.519,-0.06575340903,0.111231514
65,1.067832589,0.9989984374,2.247842224,1.62445055,10.14517014,0.8440906631,1.241710581,11.67259852,1.535361401,0.8627925207,0.9789164469,0.9777195588,0.9706591563,0.001196888091,-5.2,299.4280824,-0.001196888091,0.008257290574
66,1.945098318,0.3772366631,1.076966697,2.379731842,16.00350062,1.015766752,1.067920148,29.72375008,1.413051141,1.294843981,0.9559659552,0.8132257366,0.8021252635,0.1427402186,-3072.6,4909.310271,-0.1284601768,0.1538406917
67,1.794161467,0.3726699568,2.433424122,1.582137398,17.73782085,0.6050615812,1.338590785,21.11037326,1.21057883,1.411511156,0.8771961154,0.7184030133,0.4916535272,0.1587931021,-3280,4999.989671,-0.1464625921,0.3855425882
68,2.019388954,0.2340472296,2.426386382,1.611913251,41.5861355,1.355449758,1.3967782,16.00328373,1.771353895,1.180209564,0.3939795796,0.2503892168,0.3046904252,0.1435903628,789.6,11219.25793,-0.6088842075,0.08928915445
69,2.123442247,0.6557693739,2.316107165,1.56471517,11.17752363,0.6612622251,1.159932009,23.38920985,1.161990727,0.8799874884,0.9214722332,0.8344663239,0.59496412,0.0870059093,-2944.8,4660.689953,-0.02662917901,0.3265081133
70,1.13382622,0.6525730398,2.449019457,2.190778595,13.79214014,0.9754423222,1.324213016,26.76377169,1.699277502,0.630648955,0.9565356315,0.956537037,0.9493662675,-0.000001405546074,-50.6,242.1111765,0.000001405546074,0.007169363944
71,1.381469835,0.7959671501,2.174424522,2.230184321,31.70385413,1.224637832,1.082889742,26.2391193,1.815487039,1.436001131,0.9594723017,0.9555058668,0.9422308416,0.003966434944,-13.8,1545.210482,-0.00387712075,0.01724146014
72,2.170728685,0.7508111578,1.654464221,2.348324924,20.53466774,1.081155965,1.119173238,16.82198696,1.107082108,1.116089401,0.885373127,0.6661221208,0.7340428525,0.2192510062,-3508,10311.83456,-0.2966410292,0.1513302746
73,1.702183952,0.4329226395,1.616595474,2.432288057,21.49810885,0.9069049223,1.122788551,11.22899075,1.960836375,1.407150525,0.778574294,0.4831814058,0.6734855985,0.2953928882,-3512.6,16460.29246,-0.467312222,0.1050886956
74,1.805244933,0.8259114257,1.63641535,1.401419987,19.04515558,1.279613836,1.392922512,6.458981723,1.773552086,1.188121767,0.9674320866,0.9587111393,0.9180841222,0.008720947267,-59.2,1904.431071,-0.008720947267,0.04934796435
75,1.136372797,0.3085433319,1.962086171,1.758346412,16.44074342,1.148452515,1.214880357,16.2056079,1.173780395,1.459637789,0.9844699531,0.9838574314,0.9454566555,0.0006125217132,-78.6,168.4497765,-0.0006125217132,0.03901329762
76,1.25037248,0.9278880868,1.007677918,1.817944605,14.40181596,0.9719506252,1.096350981,27.85830816,1.002724421,1.44823958,0.9970918038,0.9970985817,0.9874746244,-0.00000677782384,0,782.2439647,0.00000677782384,0.009617179463
77,1.669448793,0.393831222,1.363309254,1.070950223,19.81753448,1.092705552,1.388094615,14.20066151,1.016340365,0.6864605837,0.9778347099,0.8996709367,0.8499074692,0.07816377319,-1597,1787.266929,-0.07816377319,0.1279272407
78,1.207036916,0.392834814,1.043898223,2.456606147,37.01863703,1.063388322,1.200561251,14.65466088,1.913210223,0.7319763504,0.9692925739,0.8879495838,0.8181576716,0.08134299015,-1369,5564.681306,-0.0853784782,0.1511349024
79,1.440625374,0.9195443471,1.30621796,1.05995921,44.38382209,0.6919751305,1.185600567,11.42814586,1.151423165,1.185091597,0.9933867063,0.9910378914,0.6553924627,0.002348814932,-66.8,2514.359353,-0.002278243301,0.3379942436
80,1.696359977,0.6033665912,2.308421171,1.096412036,14.05479817,1.371889601,1.031894679,14.39133073,1.992717169,1.199070914,0.9479928534,0.9397046445,0.9187414295,0.00828820883,-117,2961.746518,-0.008482357556,0.02925142388
81,1.161282293,0.9527790373,1.437606588,1.249908392,32.91965249,0.9402209882,1.073728423,21.2473264,1.956053478,0.8117966504,0.9973050456,0.9972992592,0.9920248738,0.000005786352898,-10.2,228.9527294,-0.000005786352898,0.005280171764
82,1.312988992,0.2409697566,1.020473073,2.365492033,28.87893732,1.014772594,1.398660899,11.33083205,1.253808923,1.441726226,0.9918940952,0.7745118076,0.6817348913,0.2173822876,-3447.8,4968.539894,-0.2174313254,0.3101592039
83,2.089805678,0.2875534233,1.41178051,1.351784764,38.20613916,1.368874714,1.229382818,18.95923898,1.483018803,1.225527232,0.4362177797,0.2529096364,0.3478950283,0.1833081433,767,9306.542047,-0.6725314734,0.08832275141
84,1.010403754,0.8202485507,1.678526097,1.982717036,34.97884503,1.341941023,1.197026509,9.426387697,1.564319314,0.7108544257,0.9963791686,0.9962574423,0.9952992898,0.0001217263111,-0.2,1606.254459,-0.0001217263111,0.001079878865
85,1.036063114,0.4115786431,1.840322649,2.271628985,41.88979513,1.359752684,1.303595539,27.30275937,1.886812726,1.213575173,0.9923010486,0.9909644783,0.9717821313,0.001336570234,-9.4,805.1282,-0.001336570234,0.02051891725
86,1.094524759,0.7497654801,1.815906584,2.063712548,20.17307401,0.6659826903,1.152522689,26.17358236,1.048331762,1.285534314,0.9919508345,0.9913397167,0.7224494208,0.0006111178205,-10.4,341.3652235,-0.0006111178205,0.2695014138
87,1.415151821,0.3443827727,2.453883854,2.340770861,13.08815337,0.723265286,1.183085361,15.78035737,1.934242146,0.8020809652,0.9408600267,0.8744816302,0.7397619674,0.0663783965,-2020,4009.517765,-0.04005224161,0.2010980593
88,1.156068581,0.2185552259,2.393584216,2.187733137,39.21747561,0.8151284117,1.226243939,27.39312524,1.300070184,1.488350519,0.8796662138,0.6690542573,0.6057152176,0.2106119565,-3253.8,8654.419176,-0.2734667105,0.2739509962
89,1.653066758,0.9355530875,1.9123929,1.927255442,21.82572563,0.7051845202,1.347535792,12.62207794,1.134882394,1.476674218,0.9500337767,0.947570036,0.7552729047,0.002463740685,-242.6,673.0397882,-0.002391132471,0.194760872
90,1.00928155,0.3179357975,1.272690773,1.505958261,18.12069874,0.610371134,1.318457898,10.28138559,1.031836681,1.02333119,0.9987648672,0.950858685,0.6530007297,0.0479061822,-709,958.8506353,-0.04762046792,0.3457641375
91,1.941767084,0.787595571,1.916069277,1.72583249,35.52662596,0.7382308825,1.048656634,17.28737706,1.750298112,1.014577655,0.4684616693,0.3201517631,0.3695963952,0.1483099062,1078.8,13163.53834,-0.4993906732,0.09886527406
92,1.558847389,0.2874469544,1.014311345,1.336192886,16.0758263,1.378806781,1.39075101,20.45509558,1.283403562,1.475039513,0.9938671328,0.9584928819,0.8815766559,0.03537425095,-639.8,-841.1439765,-0.03527089861,0.1122904769
93,1.145473814,0.7339411861,1.231657923,1.118967777,10.11013977,0.6271910137,1.242272104,5.52242468,1.275403741,1.218795677,0.9985262832,0.9970682303,0.7141037593,0.001458052939,-30.2,356.4254706,-0.001458052939,0.2844225239
94,2.131919736,0.7177293651,1.241901961,2.122021532,11.04272462,0.88940069,1.003540749,14.71305167,1.71900748,1.149750237,0.9577430682,0.8578113388,0.8741497349,0.09993172939,-2228.2,3199.201247,-0.1004611114,0.08359333335
95,1.705802526,0.5093573585,1.27675664,1.08647951,22.91981049,1.25779286,1.135632859,19.76894277,1.656777881,0.5072877042,0.9843818286,0.9800673373,0.9020295188,0.004314491262,-263,1746.1138,-0.003904597817,0.08235230983
96,1.549729383,0.2691294171,2.005649764,1.134453985,23.07614596,1.138062915,1.283779556,23.74676753,1.990660298,1.166734491,0.9595059098,0.785300382,0.794033335,0.1742055279,-3419.8,5280.550741,-0.1719997961,0.1654725749
97,1.890422086,0.4078596061,2.166020447,2.23129019,32.58331913,0.9142750402,1.175034422,15.85975258,1.418983449,0.888549935,0.4542516851,0.2652487644,0.3581301964,0.1890029207,268,15798.93508,-0.6199112776,0.09612148864
98,1.73486803,0.292391505,1.11371975,1.397177339,31.27345448,1.021005303,1.099816564,15.33702979,1.045106886,1.451595576,0.4392702857,0.2868463443,0.339461634,0.1524239415,1449,12508.89712,-0.6236315262,0.09980865178
99,1.12840619,0.4623766024,1.027366867,1.739466288,28.68305664,1.332757234,1.348808918,25.97331304,1.854541461,0.6548653617,0.9994167569,0.9994167569,0.9932987886,0,-2.4,1736.071294,0,0.006117968367
100,1.922848726,0.6425952842,2.180007651,2.296457193,23.87166645,0.7300314288,1.193893271,6.482902887,1.540448594,1.21861718,0.5950381382,0.3674508838,0.4765370836,0.2275872544,-1793.6,20930.52644,-0.5306660504,0.1185010546
101,1.908631895,0.8701005874,2.029383901,1.689158726,44.74305291,1.000856991,1.321952728,24.40179457,1.165832708,1.009277645,0.9429249472,0.9340797981,0.7220767569,0.008845149143,-404.6,3655.382235,-0.008819210933,0.2208481904
102,1.715738875,0.3358648357,1.430273324,2.097742392,28.8429858,0.8924333027,1.262024657,21.65484081,1.43591524,0.7990575499,0.8303241278,0.6048570895,0.5689409105,0.2254670383,-5910.4,12712.62909,-0.206044251,0.2613832172
103,1.400666359,0.8230187624,1.497315271,1.9848964,21.68396458,0.93234197,1.263254438,16.61584552,1.950242682,0.6692621221,0.9793121541,0.9793121541,0.9458569871,0,-73.8,245.6265882,0,0.03345516706
104,1.78748163,0.3394844593,1.333392716,1.768528785,30.48874191,0.8402058909,1.211962967,23.34581965,1.740373274,1.393859728,0.6859008807,0.4679966309,0.5202071452,0.2179042498,-4085.8,18688.95812,-0.3800752546,0.1656937356
105,1.489855719,0.9734357475,2.150233488,2.291778091,14.953859,1.088863378,1.34489873,28.13592299,1.795732069,1.389963609,0.9516303936,0.945901778,0.938348785,0.005728615542,-30.6,-180.5309765,-0.005689183365,0.01328160862
106,2.112716843,0.4150618629,2.204376488,1.150176328,29.39758352,1.254074499,1.047209737,6.907413822,1.59595665,0.63285349,0.3113138889,0.2956571269,0.3141283133,0.01565676195,3986.4,6313.9594,-0.4213042504,-0.002814424453
107,1.861457249,0.9597281826,2.272182446,2.314354115,31.80423054,0.9698419398,1.27394572,16.24710437,1.356344182,0.6458422337,0.9083873919,0.9070127671,0.7845410359,0.001374624781,-411.4,2535.021894,-0.001374624781,0.123846356
108,1.425694403,0.647497179,1.170590426,2.43869149,12.65287185,0.8081372362,1.150708447,26.78530641,1.587773767,0.5769419272,0.9836976697,0.981710077,0.8870226399,0.001987592666,-188.8,-284.5247765,-0.001641105659,0.0966750298
109,1.244474751,0.7670788792,2.369645758,2.139173858,13.86297206,1.191938096,1.17388849,5.81968425,1.902404875,0.5970810427,0.9582101985,0.9582101985,0.9454702227,0,-5.8,1540.127894,0,0.01273997584
110,1.836671241,0.9751387221,1.689269381,2.252853772,40.08310313,1.043939485,1.181629463,24.24472328,1.748126573,1.051666029,0.9557613512,0.9476390139,0.8555649562,0.008122337328,-168.8,3321.116494,-0.007929613718,0.100196395
111,1.419040814,0.5227890859,1.32083018,2.48379219,29.05822943,0.767258419,1.246028411,29.65837756,1.259384895,0.897122508,0.9820132211,0.9198202357,0.7375493697,0.06219298545,-1272,829.5417882,-0.06079241964,0.2444638514
112,1.182470422,0.8792925723,1.133241144,2.423691854,24.65011233,1.362546931,1.335018342,16.70751466,1.387889759,1.360118674,0.9971290769,0.9958141655,0.995681527,0.001314911338,-2.2,-390.3314118,-0.001314911338,0.001447549903
113,1.45304489,0.69261052,1.530503773,1.092246693,13.23013594,0.7320691876,1.189997159,18.6143853,1.041724858,0.8741140114,0.9838595742,0.9827094759,0.7991105059,0.00115009831,-210.6,417.4025529,-0.00115009831,0.1847490683
114,1.449549143,0.9435215993,1.960040373,1.105870352,22.01876154,1.107965812,1.089240095,20.85284129,1.28534547,0.6809229768,0.9621144972,0.9621144972,0.9559914997,0,-22.6,1392.206518,0,0.006122997504
115,1.933307847,0.8595084132,1.831274308,2.002084814,32.02515243,0.8417193018,1.027502385,16.05289239,1.829732514,1.001667919,0.4793011555,0.3961228374,0.4106189557,0.08317831806,2202.4,16096.45846,-0.4787568593,0.06868219983
116,1.307553876,0.8820034164,1.974908555,1.882981846,16.66148067,0.8740477222,1.121424616,8.732544041,1.985748754,0.7688032642,0.9658810334,0.9658810334,0.9361866195,0,-56,-430.1631294,0,0.02969441393
117,1.9659517,0.5845271231,1.858410697,1.315878571,15.35066613,1.166809711,1.117975637,8.676899884,1.178492483,1.384603164,0.8759307516,0.7023075409,0.8141583298,0.1736232107,-2628.6,10236.59422,-0.2592802507,0.06177242188
118,2.195937802,0.2494450723,1.503571572,1.429784427,35.36823635,1.08565695,1.076418161,21.41012482,1.185180435,0.6485279102,0.3238685205,0.2693761779,0.2875998807,0.05449234262,2613.8,7870.735541,-0.6516329856,0.03626863985
119,1.10113483,0.2109322423,1.117290125,2.163851712,24.87207339,0.8207559821,1.29642832,13.58085621,1.397393357,1.236928282,0.9925769047,0.8439250428,0.7337122539,0.1486518619,-2260.4,4042.409224,-0.1481273243,0.2588646508
120,1.872071956,0.387061756,1.228013489,1.829289813,25.34352402,0.7717887062,1.221663637,12.47044597,1.642678383,1.230028333,0.6033472017,0.3926095156,0.4937604244,0.210737686,-2372,21876.85427,-0.501621886,0.1095867772
121,1.638911982,0.7424071182,1.238570267,1.324339385,11.9734904,0.8557885441,1.107217796,14.34246447,1.757942093,0.8260483807,0.9812118902,0.979820573,0.8977528443,0.001391317145,-128,-112.2743176,-0.001391317145,0.08345904591
122,1.649202964,0.222592615,1.338095725,1.1626355,33.06789347,1.042134344,1.154282084,7.296289473,1.900035196,0.932474456,0.3796129056,0.2856196993,0.3357717489,0.09399320629,2660.4,10999.73678,-0.5999523544,0.04384115671
123,1.017493907,0.2507543298,2.137220209,1.699801561,20.25810703,0.6718213594,1.011715327,5.879039875,1.806683189,0.8689016975,0.4616540086,0.3777647458,0.5389904343,0.08388926284,915.6,26573.39965,-0.4348084612,-0.07733642565
124,1.225562348,0.4403409839,1.822947827,2.072809954,10.60516471,1.030322061,1.138969603,22.38131149,1.226734264,1.330675321,0.9873444627,0.9855359354,0.9447985186,0.001808527285,-59.2,790.4192118,-0.001728415128,0.04254594408
125,2.097263707,0.7229523704,1.22076788,1.849269118,29.24851982,1.082689755,1.141298169,29.93129044,1.266261838,0.9005874732,0.9632276521,0.9369404697,0.7543721688,0.02628718236,-1061.2,2982.937565,-0.02709648266,0.2088554833
126,2.00436373,0.332919182,1.769814962,1.078079804,24.59039297,0.6445737974,1.217168042,8.972457385,1.07454036,0.9888719895,0.3282529926,0.2681488515,0.3460377065,0.0601041411,2430.4,19616.36011,-0.5980043112,-0.01778471387
127,1.166131719,0.5037039123,1.464917921,1.348137138,26.24619397,0.8224452858,1.165723271,26.67705989,1.25602355,1.1992611,0.9964194587,0.9913386304,0.8151270419,0.005080828276,-87,-51.35158824,-0.005080828276,0.1812924168
128,1.278769278,0.296567165,1.396061649,1.874953313,12.29035823,1.054320617,1.062031976,5.424923223,1.496647476,1.349448926,0.9900284358,0.9292481481,0.9123243854,0.06078028771,-961.4,5321.713588,-0.06225048055,0.07770405046
129,1.042651816,0.6741052383,1.370812904,1.813967114,37.56813906,1.351940321,1.02551741,25.00842692,1.336305756,1.438554507,0.9983973395,0.9981506373,0.9972961739,0.0002467022685,-0.4,1512.673118,-0.0002467022685,0.001101165589
130,1.686477675,0.4689659861,2.038163869,2.170979996,27.20401995,1.31075797,1.205212472,20.03558164,1.922260864,1.09936639,0.9446280983,0.9078222134,0.8080631225,0.03680588492,-1205,3787.929965,-0.04722008313,0.1365649759
131,2.161537315,0.450060044,1.050708937,1.691973964,34.84005794,0.965173835,1.010400778,29.82724159,1.224719499,1.039850064,0.4758777821,0.2492992194,0.3444988495,0.2265785627,-387,10236.09014,-0.7013421984,0.1313789326
132,1.682453544,0.3113693251,1.994691225,1.390784295,23.50133436,1.208172405,1.077378675,23.90018409,1.321429156,0.8420630586,0.9178375471,0.6105819185,0.7532066703,0.3072556286,-5103.2,9821.547118,-0.341279105,0.1646308768
133,1.516425536,0.2824928553,1.921392616,1.606448694,27.37987268,1.136277003,1.299051216,23.97662087,1.469341285,1.468135721,0.9652780132,0.7737769147,0.7765393784,0.1915010985,-3633.8,3728.076494,-0.1898095932,0.1887386348
134,1.579392093,0.5213493353,1.209499296,1.682355643,23.76975075,1.186916458,1.021395905,18.52964522,1.038802406,1.210134056,0.9521628167,0.7378821546,0.7733860217,0.2142806621,-3711.2,13750.31127,-0.230735111,0.178776795
135,1.440199909,0.499354154,2.385231803,1.117171152,31.35286579,0.6968428407,1.223729746,24.10524157,1.938802629,0.9635247717,0.9420237259,0.7449765305,0.5812420234,0.1970471953,-4075.2,2311.121612,-0.1966857931,0.3607817024
136,1.19697089,0.6135249586,2.353417557,2.24449028,13.64185052,0.8017947073,1.161879773,18.08118692,1.129231296,1.320455181,0.9679321244,0.9623449433,0.9251791167,0.005587181087,-65.8,860.1167059,-0.005587181087,0.04275300769
137,1.027241726,0.9069877584,2.162317809,2.001219925,18.9932281,0.7555542397,1.319095335,7.351046955,1.403791526,1.380598284,0.985344806,0.9838642228,0.9761397542,0.001480583211,-2.4,888.5358,-0.001480583211,0.009205051768
138,1.656777129,0.404650085,1.766640334,1.971050472,39.77240947,0.9811091725,1.092097788,24.71649521,1.61025654,0.7148577512,0.507691367,0.2990859211,0.439086513,0.2086054459,-544.4,12328.76141,-0.4856105132,0.06860485406
139,2.10246769,0.5652189442,1.809984884,1.034960564,10.94659849,0.6085561571,1.072659734,28.68319601,1.977166899,1.37291179,0.9380205491,0.8230232574,0.6037140232,0.1149972917,-3052.4,3562.531329,-0.06350574497,0.3343065258
140,2.040729655,0.7148060538,1.356956696,2.330173846,15.15546959,0.8186106272,1.301011712,23.53660147,1.52541186,0.5037394525,0.9508785698,0.878525722,0.7235730041,0.07235284773,-2052.2,1328.809671,-0.06129838309,0.2273055657
141,2.146591242,0.8414644103,1.303786318,1.77974209,27.62268891,0.8624980359,1.313580547,13.37612386,1.679498787,0.8459831586,0.9376272485,0.8037619865,0.6553141182,0.1338652621,-2887.2,6667.891353,-0.1532722207,0.2823131303
142,1.386622308,0.6102806306,1.072256708,2.240892665,41.27246726,0.651369666,1.080030753,22.22947952,1.609142399,1.363531246,0.9659096878,0.8557693715,0.5756502857,0.1101403163,-1972.8,6758.110588,-0.1158019249,0.3902594021
143,1.236462796,0.2134675643,1.683446395,1.189537816,26.31546722,1.244877478,1.08688714,25.40596957,1.972065312,1.249664159,0.9919146468,0.880259751,0.8345393032,0.1116548958,-1808.2,2076.030941,-0.1112279356,0.1573753436
144,2.022351007,0.4458351294,2.490413264,2.49038181,18.74250264,0.7973989588,1.257414051,8.198992618,1.865323734,0.5117436836,0.7827369377,0.5813289667,0.5748670205,0.201407971,-3753.4,14095.54864,-0.2621824746,0.2078699172
145,1.796916354,0.7039049784,1.0582935,2.206797998,11.40179912,1.176686745,1.373446681,22.1828798,1.189104628,1.40114543,0.9819163346,0.9802776095,0.9303451638,0.001638725163,-85.2,713.379,-0.001600055403,0.05157117078
146,1.851254122,0.7699996701,1.39020512,1.9347954,28.43465163,0.7762723866,1.126238422,29.0326169,1.159998409,1.109199111,0.9725008115,0.9351537875,0.695466846,0.03734702394,-1125.6,1513.938271,-0.03734702394,0.2770339655
147,1.020013902,0.6320455092,1.846087171,1.593935022,25.24067166,0.7629599072,1.326866312,9.90756782,1.534871991,0.8866921059,0.9942690663,0.9936603751,0.9143756859,0.0006086912547,-36.6,773.8680941,-0.0006086912547,0.07989338039
148,1.303145644,0.3813106511,2.303119907,1.452813167,40.95228934,0.7096820244,1.264704594,25.47427516,1.715958577,0.757677524,0.9494588823,0.636935798,0.5196608963,0.3125230843,-5772.6,5646.013388,-0.3090123358,0.429797986
149,1.433573453,0.3984041732,2.354892349,2.102506334,42.63527256,0.9260664403,1.382821607,19.14651632,1.438449376,0.6757193841,0.9360308951,0.6385877526,0.6301130551,0.2974431425,-4967.6,6439.994847,-0.3397341417,0.30591784
150,1.917697273,0.3230848185,1.947539684,1.914781459,43.86293981,0.8953314597,1.199449511,28.88920004,1.931576616,0.6877173008,0.3588462266,0.2579771971,0.3048097622,0.1008690295,1839.2,14822.25999,-0.6339026731,0.05403646439
151,1.154472117,0.4020075359,1.603775249,1.869896483,40.74316845,0.6577571205,1.035593748,27.76915688,1.217966357,0.6765304687,0.9880310281,0.7868234448,0.5373797238,0.2012075833,-3233.8,2116.7444,-0.2003056088,0.4506513043
152,2.072622852,0.4669758682,1.292994212,1.579874322,41.84484373,0.648109356,1.372775246,10.66481363,1.128351397,0.7034773715,0.32591766,0.2485047637,0.2740026151,0.07741289631,3151,14982.92489,-0.6864129686,0.0519150449
153,1.332998644,0.8445298822,1.761095064,1.922684675,18.01149591,0.700314149,1.002713654,16.95808266,1.379660573,1.234141511,0.9795665599,0.974386644,0.770954099,0.005179915903,-72.4,939.8361882,-0.005179915903,0.2086124609
154,2.156344926,0.8097508782,1.803704105,1.79044887,11.33294746,0.9465189737,1.007718898,28.35665871,1.006065357,0.9432843123,0.9375568066,0.9167917082,0.883010087,0.02076509837,-1318.4,344.5257412,-0.02054675776,0.05454671963
155,1.07853276,0.8319092026,2.123467045,1.519537077,18.27017269,1.097861656,1.279668803,22.49148398,1.592865699,0.722179583,0.9721631628,0.9721634507,0.9699640175,-2.878852488e-7,-11.4,660.8854471,2.87885249e-7,0.002199145271
156,1.744671643,0.857288906,1.443612084,1.064541047,38.45161959,0.9539204747,1.328687373,15.16798647,1.557359808,0.5663031527,0.9693879119,0.9687033165,0.7678597,0.0006845954279,-151.2,543.7753412,-0.0006845954279,0.201528212
157,1.264622709,0.5335944037,1.253020653,2.463075132,14.88741381,0.9979222774,1.054312339,25.53512001,1.856134242,0.9877238168,0.9952228653,0.9923829258,0.9336497649,0.002839939438,-78.6,192.0153294,-0.002839939438,0.06157310041
158,1.982874527,0.7608994098,1.629010544,1.294319642,44.46914162,1.077369604,1.363265848,25.05523358,1.457006403,1.27429129,0.9568600459,0.8991100989,0.7261512544,0.05774994697,-1643.4,4985.657776,-0.06531679155,0.2307087914
159,1.242760263,0.9533238568,2.290904995,1.436748806,22.67873773,1.039195823,1.345441268,15.12397729,1.734184004,1.024135271,0.9669246159,0.9617482348,0.9506652918,0.005176381065,-23.8,-235.7966471,-0.005176381065,0.01625932411
160,1.347963379,0.618484664,1.897531082,2.397975087,33.56275592,1.193818133,1.355563168,27.68911461,1.374926778,0.9786593366,0.9716650588,0.9684184969,0.9392522528,0.003246561855,-41.2,2351.235447,-0.003208524579,0.03241280603
161,1.585737736,0.7074019224,1.261262322,1.441004687,10.33052174,0.8059624085,1.132527965,11.90900993,1.880358376,0.5561154581,0.9825117094,0.9825117094,0.8996425876,0,-204.2,322.6642235,0.0004231582997,0.0828691218
162,2.096368734,0.9135808402,1.421088995,2.256294067,31.13443896,0.9105755748,1.331883569,5.120726156,1.203219283,1.128598386,0.7947310416,0.6321692665,0.5770605396,0.1625617751,-2192,12127.41161,-0.3262095072,0.217670502
163,1.185262497,0.6664332301,1.509764679,2.450169654,44.06670972,1.321991311,1.100956072,6.173267719,1.292027721,1.092859766,0.6880914106,0.551769685,0.663831652,0.1363217256,-1223.2,22559.77625,-0.3678803041,0.02425975861
164,2.02795392,0.9232070785,1.584123487,1.586033359,29.55901018,1.299677877,1.165479333,25.73945174,1.026750099,1.296940771,0.9524948751,0.9434108565,0.877342479,0.009084018648,-109.8,2390.037153,-0.009084018648,0.0751523961
165,1.260987794,0.2093344432,1.905767036,2.215049713,24.44394835,1.183393052,1.070788056,26.083954,1.515323963,0.7347360895,0.964407821,0.8315316627,0.8358033695,0.1328761582,-2562.6,2436.219929,-0.1292978683,0.1286044514
166,1.708074146,0.2263945882,1.75273764,1.778907852,41.14025956,1.317803377,1.236659793,26.94948889,1.271552624,0.8133089963,0.5035510513,0.2793736319,0.3744879203,0.2241774194,-1173.8,18620.47698,-0.6450003637,0.129063131
167,1.59668094,0.9395829557,1.982058146,1.28634669,42.39599174,1.213005364,1.286760647,21.74663675,1.981844013,0.5446417977,0.9582977463,0.9569263476,0.9430819674,0.001371398758,-18.8,207.2386353,-0.001371398758,0.01521577896
168,1.590603282,0.4954941485,1.720173777,1.473328144,42.12109243,1.103309953,1.357607248,27.01010994,1.361150095,0.6947144287,0.9632661866,0.957784001,0.7234266715,0.005482185661,-503.6,1689.798188,-0.005575030783,0.2398395151
169,2.014334488,0.5603625089,1.31626509,2.393668368,15.5210532,0.9025286136,1.087630535,11.56034206,1.550234299,0.6970665016,0.8551480203,0.5471610183,0.6926556799,0.307987002,-5008.8,16573.65526,-0.3846103676,0.1624923404
170,1.962632069,0.7973232233,1.198902207,1.942419906,33.95166319,1.126551312,1.203174892,27.10204905,1.49056353,1.080035533,0.9754237688,0.9697198344,0.8121673069,0.005703934366,-217.6,2861.918965,-0.005866641818,0.1632564619
171,1.23050401,0.9157033692,1.783324659,1.464392812,40.31902188,0.6213477319,1.013720679,5.764129794,1.662748419,0.7232634029,0.9426124674,0.7162198272,0.6395153215,0.2263926402,-4235.8,17759.87289,-0.2264942183,0.3030971459
172,2.166224489,0.6835430579,2.285297159,1.415560901,19.34732012,1.346995289,1.294126927,19.63848887,1.520259383,1.469842749,0.8909605107,0.8849261377,0.8118037623,0.006034372974,-742.8,2737.726741,-0.005975430763,0.07915674846
173,1.545569867,0.5485913851,1.612012471,1.049654541,43.3097604,0.9880380364,1.133960228,6.807502263,1.110567827,1.168344276,0.4194503332,0.3735763047,0.4029573764,0.04587402848,3286.8,11153.96714,-0.4846839817,0.01649295675
174,1.118716495,0.7593451833,1.778087365,1.555926249,34.45155535,1.143121614,1.137316077,7.145916345,1.571214337,0.6575857241,0.9892906282,0.9889385701,0.9839455895,0.0003520581221,-1,1614.438718,-0.0003520581221,0.005345038708
175,1.66379464,0.4474060212,1.533901313,1.205919493,26.95602117,1.150291324,1.044117691,19.6522406,1.645925412,1.033542248,0.545827062,0.4608017465,0.5888360955,0.08502531547,1515.6,22069.6972,-0.3842782855,-0.04300903354
176,1.76612339,0.8473842017,1.593504663,1.497103005,22.51790602,0.8831911831,1.038381528,27.46877601,1.427382923,0.6996987287,0.9558373441,0.9556320491,0.7912395683,0.0002052950324,-321.6,92.07276471,-0.0002052950324,0.1645977758
177,1.752261851,0.8760041988,2.227333072,1.253900212,16.155099,1.296266318,1.325349656,18.38155246,1.236844539,0.7709182359,0.9241658386,0.9242773835,0.9144708184,-0.0001115448968,-33.2,-1490.200576,0.0001115448968,0.009695020178
178,1.630119961,0.5377468777,1.998741521,1.637825021,32.32149332,0.9173334771,1.259989987,22.06482443,1.324913818,1.36938919,0.9519134411,0.9186276299,0.7088483052,0.03328581118,-1270,2338.206047,-0.03335809598,0.2430651359
179,1.081328668,0.9654062081,1.096047339,1.893560063,37.10281746,1.113981549,1.055297545,13.9074786,1.459359853,1.174784127,0.9986670898,0.9986670898,0.9982286995,0,0,293.2923765,0,0.0004383903238
180,1.997797889,0.2744810861,1.151148835,1.639797644,43.16306084,1.356955677,1.232941847,25.69218056,1.943520911,0.5242997074,0.4868945052,0.2815191189,0.3506804198,0.2053753863,12.4,11736.65202,-0.6747145219,0.1362140854
181,2.11945815,0.8739372939,1.09151178,2.425827512,25.04666086,0.8270365496,1.255179477,29.44490355,1.834647443,0.6373375119,0.9563199011,0.9268929326,0.6848827935,0.02942696854,-1288.4,832.1514471,-0.02788549449,0.2714371076
182,1.090937208,0.5296860268,1.214729031,1.561176453,40.37891063,1.202079253,1.11176903,17.55577116,1.294854559,0.5086889365,0.9984114963,0.9984114963,0.971401179,0,-5.6,2357.609471,0,0.02701031736
183,1.814957683,0.9911100338,1.563859694,2.218920973,20.99743113,1.269666489,1.341408165,20.7137959,1.698266716,1.318830652,0.955269373,0.9473185001,0.927601356,0.007950872869,-42.2,-397.6296,-0.00787823804,0.02766801691
184,1.471361075,0.6276557424,1.410093488,2.147278731,42.13611917,0.7530107188,1.247039235,18.15369131,1.878751907,0.5687667458,0.9772463069,0.9549327333,0.6252297746,0.02231357361,-742.4,3693.045718,-0.02058796208,0.3520165323
185,1.565594201,0.5166792869,2.067530164,1.362091016,28.18760126,1.059657808,1.079107525,21.90342017,1.475548994,0.8552216803,0.945779844,0.9074120705,0.8323710435,0.03836777352,-1302.2,4371.054647,-0.04171090491,0.1134088005
186,1.620401888,0.8150017023,1.124269164,2.113987543,44.20024365,0.8095402962,1.192294308,13.46049156,1.383613875,1.144839716,0.8610949276,0.7364356028,0.6610388921,0.1246593249,-2230.8,12446.99429,-0.1839542439,0.2000560355
187,2.180310068,0.474972518,2.336752698,1.766895714,18.45879521,0.6748488031,1.237998336,20.98582379,1.406341403,0.8066882563,0.8215819916,0.6787298053,0.5386168469,0.1428521864,-3827,5995.181988,-0.1205654202,0.2829651447
188,1.871445471,0.3792831228,1.85365026,1.404837346,22.40743474,1.28129368,1.330001529,7.015017176,1.442870732,0.8323088671,0.7890236134,0.6247846924,0.7441070904,0.164238921,-1610.8,11149.13441,-0.2722461851,0.04491652298
189,2.139559979,0.4773769009,2.021260297,1.136291913,26.91695093,1.171758454,1.352027169,28.21852182,1.181322209,1.121220746,0.9270486603,0.6881824924,0.6965844723,0.2388661679,-5567.2,4516.444471,-0.2348520983,0.230464188
190,1.460134707,0.5688103787,1.88532542,1.540863008,36.2478123,0.7835569322,1.023146418,29.59127389,1.122420962,1.243735654,0.9712506929,0.9445297164,0.6937032726,0.02672097647,-883.4,2726.278694,-0.02666036544,0.2775474203
191,2.110638242,0.9813327631,2.2800187,1.235923468,35.60076873,1.2871344,1.38746709,13.17798177,1.581084848,1.112957475,0.9246557602,0.9075846638,0.8491936563,0.01707109646,-1014,5331.243212,-0.01768034093,0.0754621039
192,1.030222651,0.5793905564,1.107626221,1.747871988,32.52336051,1.120209855,1.017589087,16.73014376,1.518787457,0.7891543307,0.99963548,0.99963548,0.9974708779,0,0,1229.735024,0,0.002164602063
193,2.188869891,0.2038587135,1.933156742,2.265467421,39.51141583,1.049011281,1.316915012,10.08278251,1.46550655,1.310304831,0.275249701,0.2418218328,0.2804180173,0.03342786818,2382.8,6643.061729,-0.5948882899,-0.005168316319
194,2.192566007,0.7533464292,1.384898375,2.268461966,32.7085553,0.9816527435,1.139309639,19.36990799,1.348686382,1.267661522,0.4867563906,0.3699794902,0.4133188243,0.1167769003,1577.8,15958.77849,-0.4583628734,0.07343756626
195,1.318409604,0.7447920559,1.162895738,1.502118076,14.15854343,0.8780905921,1.359553564,19.49871615,1.543055219,0.7761699851,0.9985830514,0.9965199162,0.9303755557,0.002063135156,-41,822.1473765,-0.002063135156,0.06820749571
196,1.389452633,0.9808235261,2.485575976,2.051430528,30.23177216,0.9373721381,1.230839438,12.87008955,1.067624317,1.424373258,0.9441301487,0.9384555709,0.9166196286,0.005674577788,-23.8,1348.945635,-0.005674577788,0.02751052009
197,1.845109085,0.854615686,1.034138162,2.011317241,21.12473828,1.220324337,1.267548005,18.36370594,1.343655448,1.0374402,0.9846570773,0.9809017405,0.9127584848,0.003755336835,-32,1223.674212,-0.003755336835,0.07189859257
198,1.603552349,0.3884105208,1.798222207,2.441930949,23.27276877,0.6155527477,1.127157878,19.86543421,1.370558451,1.087396442,0.8832439654,0.6939243694,0.5059045608,0.189319596,-3966.8,6814.169424,-0.18441572,0.3773394046
199,1.772274391,0.4838303936,1.576854047,1.61872805,15.61251473,1.174309262,1.005178948,24.51023936,1.920231397,0.9408793923,0.9625403982,0.9496417191,0.8810814831,0.01289867907,-636,1582.841976,-0.01289867907,0.08145891506
200,2.174390607,0.9494660615,2.050266393,2.17711817,27.85744533,1.289987232,1.307023919,5.351160713,1.810152316,1.418347115,0.7870616668,0.6493149936,0.744840331,0.1377466732,-2002.6,11971.76964,-0.2855041447,0.04222133584
201,1.322433387,0.3532958451,2.331228896,2.403673626,18.50726007,1.073968179,1.36555023,9.323501174,1.670194338,0.6057271692,0.9466813338,0.9387922904,0.9028658939,0.007889043355,-873.2,839.8202118,-0.007338442528,0.04381543993
202,1.988463427,0.6774013965,2.46760685,2.280962283,26.10349616,1.309021817,1.297037995,29.15082515,1.079521895,1.162542822,0.905772829,0.8838215565,0.7754110285,0.02195127253,-767,-88.53432941,-0.02175193699,0.1303618004
203,1.972292464,0.2029240431,1.622506244,2.343474621,19.99078482,0.8303092322,1.342980613,14.08203704,1.653921692,1.462292511,0.7675229434,0.6529032132,0.5806820618,0.1146197302,-1721.6,9375.146753,-0.2451588022,0.1868408816
204,2.150555083,0.7759078618,2.133497071,1.045217514,12.82009339,1.293379576,1.155619856,12.96515589,1.622350987,0.5493212552,0.9204667225,0.9162604372,0.8805827021,0.00420628531,-305.6,3210.987941,-0.004366177076,0.03988402048
205,2.012425697,0.4305253045,1.549620709,1.599549209,42.81906992,0.8680742858,1.369928549,8.405869154,1.484889444,1.067093514,0.4150064408,0.2456931729,0.30291397,0.1693132678,1274.2,11932.03274,-0.6722202979,0.1120924708
206,1.777833275,0.6998436347,1.156013288,2.041934848,35.0853867,0.7853501511,1.27312414,28.27513669,1.19400474,1.303282621,0.9790625009,0.9410922766,0.6823874879,0.03797022433,-1041.4,1513.784776,-0.03793685763,0.296675013
207,1.504939978,0.4913707803,1.732788004,1.648817868,24.07245989,0.9227331582,1.179366492,20.13089696,1.246088889,0.9682249994,0.971451971,0.9514104478,0.7791530663,0.02004152321,-727.8,808.8981412,-0.02004152321,0.1922989048
208,1.612830289,0.2803188116,2.419644255,2.155613121,12.33024996,1.036563472,1.014548996,26.57168075,1.144905712,0.7946410168,0.9337298091,0.888737481,0.889549158,0.04499232811,-1873.2,4807.213271,-0.01021897042,0.0441806511
209,1.223250351,0.8396210486,1.164547972,1.289352544,34.27286327,0.6181670694,1.30563531,8.239927408,1.553563014,0.9576847237,0.9988336828,0.9975899992,0.6305987327,0.001243683607,-36,503.9694118,-0.001243683607,0.3682349502
210,2.000621558,0.8374210129,1.591541939,1.478316467,16.31706138,1.236909755,1.24999784,18.23617881,1.264112812,1.341554461,0.9505353316,0.9434052279,0.8762504039,0.007130103776,-88.8,426.4276588,-0.007057992725,0.07428492771
211,1.345380987,0.3628454142,2.12607652,1.628973301,12.87944473,1.278105169,1.042805653,29.4092519,1.464791448,0.5817687753,0.9636142198,0.9637260773,0.9178223986,-0.0001118574857,-120.6,-850.8336941,0.0001118574857,0.04579182117
212,1.218826906,0.8877851858,1.553524365,1.231266638,40.56651803,0.8514619911,1.105571785,13.8707698,1.500863005,0.5998140722,0.994818402,0.994818402,0.9401161588,0,-29.4,851.5640353,0,0.05470224322
213,1.293990783,0.8654866303,1.78623693,2.374373646,19.97953646,0.9496969248,1.149320175,20.81488874,1.390979863,1.429988595,0.9750010754,0.9732255519,0.9504954077,0.00177552355,-15.6,1992.0732,-0.00177552355,0.02450566777
214,2.066533279,0.4642026689,2.032351031,1.911622142,41.47246283,0.9961022138,1.063026576,13.28264768,1.230534703,1.135059752,0.3582764761,0.2389172187,0.3094470074,0.1193592574,2185.2,5503.1236,-0.5716075139,0.04882946878
215,1.477641854,0.9013086456,1.326041475,2.133880951,38.84045298,0.7720634259,1.239373193,22.45731944,1.840007184,1.404747381,0.9865932321,0.9841186504,0.8468397964,0.002474581699,-71.8,1215.376259,-0.002474581699,0.1397534357
216,1.912119554,0.6455386644,1.662884013,1.448917788,39.97545785,1.058651266,1.226580617,22.8955812,1.376441211,1.131256899,0.6862766927,0.5601387604,0.6012519089,0.1261379323,-527.2,16230.08985,-0.3088618935,0.08502478372
217,1.555346124,0.8525068111,2.473790492,1.373798222,43.38082378,1.239407828,1.231532604,8.586233544,1.7083428,1.29039863,0.9311835853,0.840961816,0.8550666892,0.0902217693,-2275.2,8268.218365,-0.09957638746,0.07611689614
218,1.989118658,0.6220308957,1.17619321,1.245368406,20.4173905,1.312745619,1.287995101,19.18184305,1.424156919,0.9121713564,0.9749994511,0.9719564053,0.8750753726,0.003043045798,-183.2,1497.255918,-0.003043045798,0.09992407851
219,1.924397016,0.3294503366,1.642519466,1.735102099,16.88093695,1.115996374,1.057992499,29.22327695,1.844506721,0.6659492641,0.9262829086,0.8090160664,0.8283667855,0.1172668422,-3323.8,4843.130176,-0.07393157886,0.09791612308
220,1.485807024,0.2392777605,1.928882614,1.484072414,19.21819723,1.226048918,1.251006721,7.716739826,1.778534246,0.8194061311,0.9417197501,0.7731654624,0.8480387672,0.1685542878,-2508,7472.765388,-0.1995478209,0.09368098297
221,1.671251427,0.98738039,1.870955983,1.835408314,39.01599436,1.388779699,1.142642991,20.29881468,1.073026224,0.8305432145,0.9531754449,0.9506857982,0.9439910261,0.002489646753,-31,2799.091447,-0.002489646753,0.00918441878
222,2.077232833,0.8984837799,1.458919752,1.966017179,25.66915356,1.051059263,1.093660648,26.30078929,1.401532135,0.6039619969,0.9430293426,0.9417517341,0.8303405257,0.001277608524,-440.2,2242.552541,-0.001437462372,0.1126888169
223,1.85574791,0.5876340913,2.190598214,2.179177359,17.27816922,1.146289216,1.168625228,21.38805916,1.68238962,1.488153372,0.9200249276,0.912926151,0.8563496773,0.007098776589,-1086.8,2095.869635,-0.006407093043,0.06367525031
224,1.789682246,0.4786714178,1.486937291,1.510604477,43.50817673,1.012180341,1.213411023,11.99653903,1.319713757,1.270208769,0.4226864905,0.3217146197,0.3476911008,0.1009718708,2165.6,9059.093588,-0.4778314683,0.0749953897
225,1.978231398,0.6030943075,1.950919895,2.086152812,13.40876844,0.7272471818,1.114168487,10.93031654,1.478401983,1.193484581,0.9376399345,0.7857671517,0.6908799404,0.1518727828,-3631,4707.666424,-0.1079166786,0.2467599941
226,2.08511074,0.2207152085,2.07919781,1.546044053,33.70349035,0.9214932506,1.057613858,12.60135116,1.968731193,0.9502012376,0.3001060212,0.2552706548,0.294755564,0.04483536643,2355,6319.213859,-0.5928568181,0.00535045724
227,1.82457442,0.7788439236,1.792680797,2.036346695,39.56651549,1.2113767,1.382658527,17.61484477,1.711002764,1.481973497,0.9517031393,0.9463649901,0.8491271005,0.005338149135,-311,3290.801047,-0.004980789656,0.1025760388
228,1.397429414,0.4183776329,1.0682435,2.417047722,24.91118472,0.8803273448,1.207762633,7.462257711,1.94748247,0.9814939595,0.9145238122,0.7587879062,0.6942667414,0.155735906,-2118.2,8260.765047,-0.1947012201,0.2202570708
229,1.780570916,0.5678210208,1.456137563,1.198843671,37.28154512,0.9049163363,1.397123715,13.67666668,1.170052261,0.5714845653,0.8574180978,0.6798008555,0.6515365759,0.1776172423,-2588.2,8997.370941,-0.2414935834,0.2058815219
230,1.073618732,0.9456261577,1.938935254,1.184010361,23.62264035,0.7792839192,1.385309875,10.47519896,1.704773896,0.9565082457,0.9933111549,0.9925908385,0.978453855,0.0007203164571,-5.2,1382.523341,-0.0007203164571,0.01485729997
231,1.540219122,0.6214683498,1.247021711,2.212881123,17.17656991,0.8860551123,1.302954648,28.95626958,1.307040843,0.9735092046,0.9828686728,0.9772390849,0.865130687,0.005629587851,-293.2,-201.0506824,-0.005629587851,0.1177379858
232,1.928191691,0.2602346596,1.893203141,1.679308222,17.02427483,0.6634883972,1.170769455,13.01460884,1.105094353,1.278744833,0.7655647535,0.600672109,0.5082578893,0.1648926445,-2644.6,13609.52493,-0.2724819522,0.2573068642
233,1.616255392,0.9893953301,1.542509522,1.71404431,25.49953464,0.8490463999,1.357833884,10.37734092,1.140783425,0.5328939666,0.9696445818,0.9687084408,0.8609852547,0.0009361410481,-131,18.68785882,-0.0009361410481,0.1086593271
234,1.956685758,0.3252827328,1.706453538,2.407216626,34.13958188,0.7910568252,1.314264633,12.05128916,1.916647994,1.157882467,0.3466704644,0.25837534,0.3334772211,0.0882951244,1733.2,16989.0212,-0.6136907421,0.01319324327
235,2.136674615,0.299483471,2.45898825,1.525384269,25.86019509,1.153187517,1.191818792,7.588477868,1.894803743,1.261446498,0.3640625448,0.2636229459,0.3240965866,0.1004395989,1892,12100.77633,-0.5633737373,0.03996595821
236,1.290035107,0.5133797445,2.411127579,1.80609244,22.21340345,1.025262121,1.311255222,11.83504651,1.819419485,1.044622668,0.9579114067,0.9514829998,0.8768639964,0.006428406916,-177.2,-129.2912353,-0.006390253539,0.0810474103
237,1.359362024,0.9121078721,1.598877618,1.421815559,33.3495833,0.942433956,1.291703133,6.331250473,1.999861066,0.8395621828,0.9843858273,0.9835067064,0.955386158,0.0008791208791,-23.8,333.4055412,-0.0008791208791,0.02899966931
238,1.510432029,0.73044239,1.98472869,1.146212162,36.93257063,0.864109748,1.186768275,21.14141705,1.138337606,0.7395967433,0.959470049,0.9595742154,0.7515139066,-0.0001041664399,-210.4,901.7023176,0.0001041664399,0.2079561423
239,1.189148581,0.7253449671,2.3263992,2.286279863,15.74406029,1.25153229,1.036652452,10.65589743,1.155338962,1.281901505,0.966750403,0.9611801709,0.9578409809,0.005570232101,-16,1482.084812,-0.005570232101,0.008909422072
240,1.411671783,0.8307072408,2.265689492,1.977620915,15.23419793,1.157054105,1.162660975,17.83849898,1.926756855,1.354507166,0.9597831081,0.9527833755,0.9484328148,0.006999732591,-22.4,598.9240471,-0.006999732591,0.01135029323
241,1.572333848,0.7200435379,2.379909993,1.705154943,39.27195818,1.300318929,1.337113225,17.10625859,1.430852696,1.073306992,0.9444663979,0.9348498958,0.9109477451,0.009616502132,-68.4,2320.568424,-0.009616502132,0.03351865278
242,1.002080153,0.4258557768,2.057207717,1.380409622,17.88498484,0.8340374025,1.3657149,9.534462519,1.762339727,1.01630506,0.9919817324,0.9903812532,0.9303921948,0.001600479155,-39.8,790.8036824,-0.001600479155,0.06158953756
243,1.428479998,0.7872553392,2.097264978,1.310302855,38.70600087,0.7148011344,1.04028748,6.570217744,1.838210071,0.9187523709,0.4584854832,0.4064514373,0.4026867883,0.05203404593,2562.4,18982.27369,-0.4400500499,0.05579869496
244,1.365491644,0.3608277232,1.400713396,1.154580679,29.94424561,1.101973913,1.180336954,10.23242893,1.78667807,0.8223551609,0.7359283134,0.5831066921,0.6881854394,0.1528216213,-812,17126.94727,-0.3530648838,0.047742874
245,1.82535802,0.2630355045,1.730563438,2.383142544,14.58548562,1.242652533,1.258260478,11.04635562,1.302865777,0.7627370616,0.9263514905,0.8196954657,0.8512032295,0.1066560248,-3198.2,3357.127894,-0.04338962098,0.07514826099
246,1.212370784,0.9692804464,1.375781252,1.02888128,38.0886634,0.6853807548,1.284620161,18.72966891,1.08292476,0.6239455991,0.9980717362,0.9973056136,0.7090485215,0.0007661226096,-18.8,467.9148353,-0.0007661226096,0.2890232147
247,1.368831673,0.6868615304,2.256621821,1.858034968,36.01347652,1.159859912,1.101707933,9.227400593,1.278627819,0.9969096064,0.7535761283,0.5847199384,0.6848312708,0.16885619,-2164.8,19919.85308,-0.3324564623,0.06874485758
248,1.111767125,0.6382429536,1.877333939,2.126841069,30.30040394,0.6303905984,1.064808601,11.51669567,1.507759962,1.204207614,0.9863849861,0.984569826,0.6757311147,0.001815160145,-105.8,1493.877247,-0.001815160145,0.3106538715
249,1.456921204,0.8085567879,1.199273802,1.796802283,28.14975923,0.6979996601,1.293218882,18.968771,1.214664065,0.8581922365,0.9901369902,0.9869700432,0.6551608846,0.00316694699,-183.8,92.09065882,-0.003092222536,0.3349761055
250,1.727849349,0.2286417291,2.093673596,1.462579373,32.25477554,0.6780394289,1.06602516,5.635668732,1.220124777,0.5870546017,0.3228977887,0.3003130271,0.2990023912,0.02258476156,2833.8,8881.940541,-0.5708812091,0.02389539746
251,1.746235724,0.3155264657,1.966845998,2.110795651,43.73986234,0.6387229886,1.068780922,6.058274783,1.248761759,1.057383857,0.3181307982,0.2496407283,0.2703786728,0.06849006986,1750.8,6937.410647,-0.6137807028,0.04775212541
252,1.047798424,0.8177640887,1.035637593,1.344562594,36.57448807,0.6316565664,1.097570438,23.83609851,1.675158672,0.9271117245,0.9995114502,0.9993464733,0.6843288614,0.0001649769555,-2.6,630.0033529,-0.0001649769555,0.3151825888
253,1.634157748,0.5356904175,1.343398217,1.898025736,34.55180482,1.023927291,1.168752574,27.95421925,1.884106113,1.308577329,0.9792246438,0.9618101055,0.7548266297,0.01741453832,-524.6,2306.935941,-0.01904378677,0.2243980141
254,1.122671623,0.3704853613,2.23186185,1.727616841,36.30024806,1.032843507,1.281430583,17.43164695,1.493276944,1.061133262,0.977057877,0.9720466021,0.8441036395,0.005011274975,-227.4,77.32996471,-0.005011274975,0.1329542376
255,1.718217136,0.3509765699,2.362344918,1.656562169,22.14498679,0.8572700919,1.350738122,8.468424418,1.784642989,0.8907771392,0.8692225725,0.6763954667,0.608811803,0.1928271058,-4692.4,9664.293788,-0.1568259315,0.2604107695
