scenario,metric,n,meanDiff,halfWidth,excludesZero
M2-demand-surge,worstRegionEssentialFillRate,10,0.00236048715,0.001066001445,true
M2-demand-surge,worstRegionEssentialFillRate,20,0.00219475261,0.000682792195,true
M2-demand-surge,worstRegionEssentialFillRate,30,0.001892267373,0.00055385991,true
M2-demand-surge,worstRegionEssentialFillRate,50,0.001512962854,0.000390279578,true
M2-demand-surge,worstRegionEssentialFillRate,75,0.001507930835,0.000342704174,true
M2-demand-surge,worstRegionEssentialFillRate,100,0.001388629857,0.00027695474,true
M2-demand-surge,totalCost,10,867.37803,637.612705,true
M2-demand-surge,totalCost,20,978.925,542.0766025,true
M2-demand-surge,totalCost,30,1248.82424,472.4826367,true
M2-demand-surge,totalCost,50,1164.67106,332.180078,true
M2-demand-surge,totalCost,75,1051.950501,295.325976,true
M2-demand-surge,totalCost,100,1134.68407,267.0619975,true
M3-supply-disruption,worstRegionEssentialFillRate,10,0.0792292716,0.007439645605,true
M3-supply-disruption,worstRegionEssentialFillRate,20,0.07990833079,0.00466413094,true
M3-supply-disruption,worstRegionEssentialFillRate,30,0.07834407916,0.004109295713,true
M3-supply-disruption,worstRegionEssentialFillRate,50,0.07959345917,0.003033541336,true
M3-supply-disruption,worstRegionEssentialFillRate,75,0.07895900655,0.002482143831,true
M3-supply-disruption,worstRegionEssentialFillRate,100,0.0800851943,0.00225586513,true
M3-supply-disruption,totalCost,10,6691.95325,999.423965,true
M3-supply-disruption,totalCost,20,6535.52748,672.545365,true
M3-supply-disruption,totalCost,30,6381.649423,584.5851467,true
M3-supply-disruption,totalCost,50,6319.49449,414.675467,true
M3-supply-disruption,totalCost,75,6225.420113,351.1692613,true
M3-supply-disruption,totalCost,100,6191.841984,298.6108945,true
M5-compound,worstRegionEssentialFillRate,10,0.1286149353,0.00598287606,true
M5-compound,worstRegionEssentialFillRate,20,0.12766605,0.009722149633,true
M5-compound,worstRegionEssentialFillRate,30,0.1210337274,0.00919798237,true
M5-compound,worstRegionEssentialFillRate,50,0.1179908492,0.006550736551,true
M5-compound,worstRegionEssentialFillRate,75,0.1141655347,0.005538117533,true
M5-compound,worstRegionEssentialFillRate,100,0.1137688087,0.004646565726,true
M5-compound,totalCost,10,6290.87915,822.42442,true
M5-compound,totalCost,20,6087.26161,533.30474,true
M5-compound,totalCost,30,6216.524917,480.7882317,true
M5-compound,totalCost,50,6029.476566,433.979803,true
M5-compound,totalCost,75,5952.02656,377.103654,true
M5-compound,totalCost,100,5805.927059,307.6096035,true
M9-extreme,worstRegionEssentialFillRate,10,0.1621980784,0.00885845343,true
M9-extreme,worstRegionEssentialFillRate,20,0.1593078218,0.007692214008,true
M9-extreme,worstRegionEssentialFillRate,30,0.1584001079,0.005712543682,true
M9-extreme,worstRegionEssentialFillRate,50,0.1592293154,0.004791521221,true
M9-extreme,worstRegionEssentialFillRate,75,0.1590444924,0.003420916865,true
M9-extreme,worstRegionEssentialFillRate,100,0.1578874582,0.003108640722,true
M9-extreme,totalCost,10,9445.44307,447.34369,true
M9-extreme,totalCost,20,9071.303745,458.315425,true
M9-extreme,totalCost,30,9213.542127,324.0988267,true
M9-extreme,totalCost,50,9360.804954,263.101953,true
M9-extreme,totalCost,75,9277.864365,214.119704,true
M9-extreme,totalCost,100,9284.581644,193.268556,true
