scenario,policy,metric,better,meanDiff,ci95Low,ci95High,higherCount,lowerCount,n
S01-baseline,fixed-allocation,totalCost,lower,73196.70177,73022.40556,73370.99799,100,0,100
S01-baseline,fixed-allocation,worstRegionEssentialFillRate,higher,-0.004810722686,-0.005249091513,-0.00437235386,1,98,100
S01-baseline,fixed-allocation,minRegionalServiceLevel,higher,0.01130072332,0.01083092154,0.0117705251,100,0,100
S01-baseline,fixed-allocation,essentialServiceGap,lower,0.004810722686,0.00437235386,0.005249091513,98,1,100
S01-baseline,fixed-allocation,cumulativeUnmetEssentialDemand,lower,7.74,7.028406012,8.451593988,98,1,100
S01-baseline,fixed-allocation,maxBacklog,lower,-493.91,-505.2847184,-482.5352816,0,100,100
S01-baseline,fixed-allocation,backlogAtHorizon,lower,-0.11,-0.2717547627,0.05175476266,0,4,100
S01-baseline,fixed-allocation,serviceLossAUC,lower,0,0,0,0,0,100
S01-baseline,fixed-allocation,fillRate,higher,0.01422836749,0.01391959981,0.01453713516,100,0,100
S01-baseline,reorder-point,totalCost,lower,2394.886832,2163.634655,2626.139008,97,3,100
S01-baseline,reorder-point,worstRegionEssentialFillRate,higher,-0.0002588964044,-0.0004496815053,-0.00006811130362,15,33,100
S01-baseline,reorder-point,minRegionalServiceLevel,higher,0.01725310595,0.01683561399,0.01767059791,100,0,100
S01-baseline,reorder-point,essentialServiceGap,lower,0.0002588964044,0.00006811130362,0.0004496815053,33,15,100
S01-baseline,reorder-point,cumulativeUnmetEssentialDemand,lower,0.37,0.04639828834,0.6936017117,33,16,100
S01-baseline,reorder-point,maxBacklog,lower,-514.93,-526.2675671,-503.5924329,0,100,100
S01-baseline,reorder-point,backlogAtHorizon,lower,-0.07,-0.2444360463,0.1044360463,2,4,100
S01-baseline,reorder-point,serviceLossAUC,lower,0,0,0,0,0,100
S01-baseline,reorder-point,fillRate,higher,0.01468152421,0.01437286161,0.01499018681,100,0,100
S01-baseline,equity-aware,totalCost,lower,589.1112647,385.3391303,792.8833991,73,27,100
S01-baseline,equity-aware,worstRegionEssentialFillRate,higher,-0.001068067564,-0.001317865717,-0.0008182694106,12,68,100
S01-baseline,equity-aware,minRegionalServiceLevel,higher,-0.0007066062965,-0.001288746958,-0.0001244656347,41,59,100
S01-baseline,equity-aware,essentialServiceGap,lower,0.001068067564,0.0008182694106,0.001317865717,68,12,100
S01-baseline,equity-aware,cumulativeUnmetEssentialDemand,lower,7.34,6.242907698,8.437092302,85,3,100
S01-baseline,equity-aware,maxBacklog,lower,-212.13,-221.4036024,-202.8563976,0,100,100
S01-baseline,equity-aware,backlogAtHorizon,lower,0.1,-0.1827321282,0.3827321282,5,4,100
S01-baseline,equity-aware,serviceLossAUC,lower,0,0,0,0,0,100
S01-baseline,equity-aware,fillRate,higher,0.003552854166,0.003273779547,0.003831928785,100,0,100
S01-baseline,equity-constrained-rolling-horizon,totalCost,lower,129.0270824,-46.15529425,304.209459,54,46,100
S01-baseline,equity-constrained-rolling-horizon,worstRegionEssentialFillRate,higher,-0.00004084561155,-0.0001036586233,0.0000219674002,5,9,100
S01-baseline,equity-constrained-rolling-horizon,minRegionalServiceLevel,higher,0.001277414867,0.0009245099634,0.001630319771,76,24,100
S01-baseline,equity-constrained-rolling-horizon,essentialServiceGap,lower,0.00004084561155,-0.0000219674002,0.0001036586233,9,5,100
S01-baseline,equity-constrained-rolling-horizon,cumulativeUnmetEssentialDemand,lower,0.02,-0.1060636488,0.1460636488,9,6,100
S01-baseline,equity-constrained-rolling-horizon,maxBacklog,lower,-33,-41.59047098,-24.40952902,17,74,100
S01-baseline,equity-constrained-rolling-horizon,backlogAtHorizon,lower,0.37,-0.1795240363,0.9195240363,6,3,100
S01-baseline,equity-constrained-rolling-horizon,serviceLossAUC,lower,0,0,0,0,0,100
S01-baseline,equity-constrained-rolling-horizon,fillRate,higher,0.0009722200359,0.0007113879063,0.001233052166,78,21,100
S02-surge-low,fixed-allocation,totalCost,lower,70981.25081,70764.57145,71197.93016,100,0,100
S02-surge-low,fixed-allocation,worstRegionEssentialFillRate,higher,-0.09369667262,-0.1008081004,-0.08658524486,0,100,100
S02-surge-low,fixed-allocation,minRegionalServiceLevel,higher,-0.05906737899,-0.06611281525,-0.05202194273,0,100,100
S02-surge-low,fixed-allocation,essentialServiceGap,lower,0.08056806376,0.07321233983,0.08792378769,100,0,100
S02-surge-low,fixed-allocation,cumulativeUnmetEssentialDemand,lower,1894.71,1745.84442,2043.57558,100,0,100
S02-surge-low,fixed-allocation,maxBacklog,lower,-79,-102.8516114,-55.1483886,26,74,100
S02-surge-low,fixed-allocation,backlogAtHorizon,lower,6.32,2.278442236,10.36155776,29,8,100
S02-surge-low,fixed-allocation,serviceLossAUC,lower,9.912459675,9.100744659,10.72417469,100,0,100
S02-surge-low,fixed-allocation,timeToRecovery90,lower,30.15,27.87702716,32.42297284,100,0,100
S02-surge-low,fixed-allocation,timeToRecovery95,lower,37.18,34.72289401,39.63710599,100,0,100
S02-surge-low,fixed-allocation,timeToRecovery99,lower,43.94,41.64258512,46.23741488,100,0,100
S02-surge-low,fixed-allocation,fillRate,higher,-0.05944135752,-0.065890496,-0.05299221904,0,100,100
S02-surge-low,reorder-point,totalCost,lower,3712.893239,3497.899529,3927.886949,100,0,100
S02-surge-low,reorder-point,worstRegionEssentialFillRate,higher,0.0005926568262,0.0003714954062,0.0008138182461,54,13,100
S02-surge-low,reorder-point,minRegionalServiceLevel,higher,0.0317284895,0.03058959173,0.03286738727,100,0,100
S02-surge-low,reorder-point,essentialServiceGap,lower,-0.0005926568262,-0.0008138182461,-0.0003714954062,13,54,100
S02-surge-low,reorder-point,cumulativeUnmetEssentialDemand,lower,-1.5,-2.113694347,-0.8863056527,14,55,100
S02-surge-low,reorder-point,maxBacklog,lower,-523.02,-535.3900353,-510.6499647,0,100,100
S02-surge-low,reorder-point,backlogAtHorizon,lower,-1.26,-2.175448957,-0.3445510427,0,10,100
S02-surge-low,reorder-point,serviceLossAUC,lower,-0.006677836342,-0.009445353216,-0.003910319469,12,58,100
S02-surge-low,reorder-point,timeToRecovery90,lower,0,0,0,0,0,100
S02-surge-low,reorder-point,timeToRecovery95,lower,0,0,0,0,0,100
S02-surge-low,reorder-point,timeToRecovery99,lower,0,0,0,0,0,100
S02-surge-low,reorder-point,fillRate,higher,0.02466733579,0.02385930537,0.02547536621,100,0,100
S02-surge-low,equity-aware,totalCost,lower,193.9771535,-23.72583606,411.6801431,54,46,100
S02-surge-low,equity-aware,worstRegionEssentialFillRate,higher,-0.003775141246,-0.004700739094,-0.002849543399,9,87,100
S02-surge-low,equity-aware,minRegionalServiceLevel,higher,-0.003840899055,-0.006188395496,-0.001493402615,43,57,100
S02-surge-low,equity-aware,essentialServiceGap,lower,0.003775141246,0.002849543399,0.004700739094,87,9,100
S02-surge-low,equity-aware,cumulativeUnmetEssentialDemand,lower,12.97,10.90435857,15.03564143,93,6,100
S02-surge-low,equity-aware,maxBacklog,lower,-218.66,-229.9493716,-207.3706284,0,100,100
S02-surge-low,equity-aware,backlogAtHorizon,lower,-1.06,-1.965050458,-0.1549495422,6,10,100
S02-surge-low,equity-aware,serviceLossAUC,lower,0.02210958232,0.01499642252,0.02922274212,77,17,100
S02-surge-low,equity-aware,timeToRecovery90,lower,0,0,0,0,0,100
S02-surge-low,equity-aware,timeToRecovery95,lower,0,0,0,0,0,100
S02-surge-low,equity-aware,timeToRecovery99,lower,0,0,0,0,0,100
S02-surge-low,equity-aware,fillRate,higher,0.009052590387,0.008121698825,0.009983481949,96,4,100
S02-surge-low,equity-constrained-rolling-horizon,totalCost,lower,194.7568018,-24.35582377,413.8694273,52,48,100
S02-surge-low,equity-constrained-rolling-horizon,worstRegionEssentialFillRate,higher,0.0001094303572,0.000004966438322,0.000213894276,17,9,100
S02-surge-low,equity-constrained-rolling-horizon,minRegionalServiceLevel,higher,-0.01791681999,-0.01917959475,-0.01665404524,0,100,100
S02-surge-low,equity-constrained-rolling-horizon,essentialServiceGap,lower,-0.0001094303572,-0.000213894276,-0.000004966438322,9,17,100
S02-surge-low,equity-constrained-rolling-horizon,cumulativeUnmetEssentialDemand,lower,-0.62,-1.158651211,-0.08134878859,10,21,100
S02-surge-low,equity-constrained-rolling-horizon,maxBacklog,lower,231.18,197.9928679,264.3671321,91,7,100
S02-surge-low,equity-constrained-rolling-horizon,backlogAtHorizon,lower,-0.96,-1.906757327,-0.0132426733,10,9,100
S02-surge-low,equity-constrained-rolling-horizon,serviceLossAUC,lower,-0.002588326391,-0.005073176529,-0.0001034762531,12,21,100
S02-surge-low,equity-constrained-rolling-horizon,timeToRecovery90,lower,0,0,0,0,0,100
S02-surge-low,equity-constrained-rolling-horizon,timeToRecovery95,lower,0,0,0,0,0,100
S02-surge-low,equity-constrained-rolling-horizon,timeToRecovery99,lower,0,0,0,0,0,100
S02-surge-low,equity-constrained-rolling-horizon,fillRate,higher,-0.01289258102,-0.01377764935,-0.0120075127,0,100,100
S03-surge-mid,fixed-allocation,totalCost,lower,67044.29113,66838.07056,67250.5117,100,0,100
S03-surge-mid,fixed-allocation,worstRegionEssentialFillRate,higher,-0.4463368506,-0.4491618835,-0.4435118177,0,100,100
S03-surge-mid,fixed-allocation,minRegionalServiceLevel,higher,-0.3217784437,-0.3244181683,-0.3191387192,0,100,100
S03-surge-mid,fixed-allocation,essentialServiceGap,lower,0.1999618643,0.1959473908,0.2039763377,100,0,100
S03-surge-mid,fixed-allocation,cumulativeUnmetEssentialDemand,lower,9809.47,9755.864416,9863.075584,100,0,100
S03-surge-mid,fixed-allocation,maxBacklog,lower,378.73,333.3348209,424.1251791,96,4,100
S03-surge-mid,fixed-allocation,backlogAtHorizon,lower,1422.23,1361.608629,1482.851371,100,0,100
S03-surge-mid,fixed-allocation,serviceLossAUC,lower,47.28196236,47.05628625,47.50763847,100,0,100
S03-surge-mid,fixed-allocation,timeToRecovery90,lower,60,60,60,100,0,100
S03-surge-mid,fixed-allocation,timeToRecovery95,lower,60,60,60,100,0,100
S03-surge-mid,fixed-allocation,timeToRecovery99,lower,60,60,60,100,0,100
S03-surge-mid,fixed-allocation,fillRate,higher,-0.3125744548,-0.3145706431,-0.3105782665,0,100,100
S03-surge-mid,reorder-point,totalCost,lower,8492.818878,8114.5041,8871.133656,100,0,100
S03-surge-mid,reorder-point,worstRegionEssentialFillRate,higher,0.003524213609,0.002779404123,0.004269023094,79,15,100
S03-surge-mid,reorder-point,minRegionalServiceLevel,higher,0.1287812996,0.1275716371,0.1299909621,100,0,100
S03-surge-mid,reorder-point,essentialServiceGap,lower,-0.00353132639,-0.004275792334,-0.002786860447,15,79,100
S03-surge-mid,reorder-point,cumulativeUnmetEssentialDemand,lower,-9.58,-11.80179669,-7.358203312,14,82,100
S03-surge-mid,reorder-point,maxBacklog,lower,-3166.15,-3212.337242,-3119.962758,0,100,100
S03-surge-mid,reorder-point,backlogAtHorizon,lower,-0.13,-0.3007492258,0.04074922584,1,4,100
S03-surge-mid,reorder-point,serviceLossAUC,lower,-0.03439979729,-0.04246286627,-0.02633672831,17,83,100
S03-surge-mid,reorder-point,timeToRecovery90,lower,0,0,0,0,0,100
S03-surge-mid,reorder-point,timeToRecovery95,lower,0,0,0,0,0,100
S03-surge-mid,reorder-point,timeToRecovery99,lower,0,0,0,0,0,100
S03-surge-mid,reorder-point,fillRate,higher,0.0960304699,0.09511011156,0.09695082824,100,0,100
S03-surge-mid,equity-aware,totalCost,lower,-1113.278106,-1339.813795,-886.7424177,17,83,100
S03-surge-mid,equity-aware,worstRegionEssentialFillRate,higher,-0.0406525317,-0.04418594349,-0.03711911991,0,100,100
S03-surge-mid,equity-aware,minRegionalServiceLevel,higher,0.01875985154,0.01696962522,0.02055007786,95,5,100
S03-surge-mid,equity-aware,essentialServiceGap,lower,0.04059083442,0.03706114023,0.0441205286,100,0,100
S03-surge-mid,equity-aware,cumulativeUnmetEssentialDemand,lower,102.27,92.41967797,112.120322,100,0,100
S03-surge-mid,equity-aware,maxBacklog,lower,-837.8,-904.0422931,-771.5577069,0,100,100
S03-surge-mid,equity-aware,backlogAtHorizon,lower,0,-0.2147860782,0.2147860782,6,4,100
S03-surge-mid,equity-aware,serviceLossAUC,lower,0.3539666555,0.311310201,0.39662311,100,0,100
S03-surge-mid,equity-aware,timeToRecovery90,lower,0.17,-0.06773299039,0.4077329904,2,0,100
S03-surge-mid,equity-aware,timeToRecovery95,lower,0.48,0.08467770666,0.8753222933,6,0,100
S03-surge-mid,equity-aware,timeToRecovery99,lower,1.43,0.7350113996,2.1249886,15,0,100
S03-surge-mid,equity-aware,fillRate,higher,0.0001393869216,-0.00158432716,0.001863101003,54,46,100
S03-surge-mid,equity-constrained-rolling-horizon,totalCost,lower,265.4748959,43.23702653,487.7127652,58,42,100
S03-surge-mid,equity-constrained-rolling-horizon,worstRegionEssentialFillRate,higher,0.001341247749,0.0009923917622,0.001690103735,67,2,100
S03-surge-mid,equity-constrained-rolling-horizon,minRegionalServiceLevel,higher,-0.0125417899,-0.01364737977,-0.01143620002,3,97,100
S03-surge-mid,equity-constrained-rolling-horizon,essentialServiceGap,lower,-0.001339413447,-0.001688341712,-0.0009904851825,2,67,100
S03-surge-mid,equity-constrained-rolling-horizon,cumulativeUnmetEssentialDemand,lower,-4.96,-6.754797077,-3.165202923,9,71,100
S03-surge-mid,equity-constrained-rolling-horizon,maxBacklog,lower,1075.32,1018.088916,1132.551084,100,0,100
S03-surge-mid,equity-constrained-rolling-horizon,backlogAtHorizon,lower,-0.04,-0.2583122139,0.1783122139,3,4,100
S03-surge-mid,equity-constrained-rolling-horizon,serviceLossAUC,lower,-0.01772130783,-0.02426995214,-0.01117266351,9,71,100
S03-surge-mid,equity-constrained-rolling-horizon,timeToRecovery90,lower,0,0,0,0,0,100
S03-surge-mid,equity-constrained-rolling-horizon,timeToRecovery95,lower,0,0,0,0,0,100
S03-surge-mid,equity-constrained-rolling-horizon,timeToRecovery99,lower,0,0,0,0,0,100
S03-surge-mid,equity-constrained-rolling-horizon,fillRate,higher,-0.01545403788,-0.01628700538,-0.01462107037,0,100,100
S04-surge-high,fixed-allocation,totalCost,lower,59642.45947,59437.28093,59847.638,100,0,100
S04-surge-high,fixed-allocation,worstRegionEssentialFillRate,higher,-0.6611100075,-0.6644387882,-0.6577812268,0,100,100
S04-surge-high,fixed-allocation,minRegionalServiceLevel,higher,-0.4551057864,-0.4582834173,-0.4519281555,0,100,100
S04-surge-high,fixed-allocation,essentialServiceGap,lower,0.2723031456,0.2685475064,0.2760587847,100,0,100
S04-surge-high,fixed-allocation,cumulativeUnmetEssentialDemand,lower,15596.31,15526.76379,15665.85621,100,0,100
S04-surge-high,fixed-allocation,maxBacklog,lower,768.87,725.3654226,812.3745774,100,0,100
S04-surge-high,fixed-allocation,backlogAtHorizon,lower,4453.27,4390.401672,4516.138328,100,0,100
S04-surge-high,fixed-allocation,serviceLossAUC,lower,68.2524578,67.93697062,68.56794497,100,0,100
S04-surge-high,fixed-allocation,timeToRecovery90,lower,60,60,60,100,0,100
S04-surge-high,fixed-allocation,timeToRecovery95,lower,59.93,59.79110303,60.06889697,100,0,100
S04-surge-high,fixed-allocation,timeToRecovery99,lower,59.35,58.90642196,59.79357804,100,0,100
S04-surge-high,fixed-allocation,fillRate,higher,-0.4140047534,-0.4163938361,-0.4116156708,0,100,100
S04-surge-high,reorder-point,totalCost,lower,50758.66472,49790.98454,51726.3449,100,0,100
S04-surge-high,reorder-point,worstRegionEssentialFillRate,higher,-0.03326363012,-0.04197150379,-0.02455575645,26,74,100
S04-surge-high,reorder-point,minRegionalServiceLevel,higher,0.1485545138,0.1417478639,0.1553611637,100,0,100
S04-surge-high,reorder-point,essentialServiceGap,lower,0.03329816104,0.02459484275,0.04200147933,74,26,100
S04-surge-high,reorder-point,cumulativeUnmetEssentialDemand,lower,868.88,712.4926139,1025.267386,91,9,100
S04-surge-high,reorder-point,maxBacklog,lower,-7230.44,-7330.002414,-7130.877586,0,100,100
S04-surge-high,reorder-point,backlogAtHorizon,lower,-0.13,-0.2984039802,0.03840398021,0,3,100
S04-surge-high,reorder-point,serviceLossAUC,lower,3.321525148,2.758418828,3.884631468,93,7,100
S04-surge-high,reorder-point,timeToRecovery90,lower,8.09,7.217947453,8.962052547,82,0,100
S04-surge-high,reorder-point,timeToRecovery95,lower,9.87,9.012869352,10.72713065,91,0,100
S04-surge-high,reorder-point,timeToRecovery99,lower,11.47,10.50719157,12.43280843,96,1,100
S04-surge-high,reorder-point,fillRate,higher,0.1321984258,0.1273972844,0.1369995673,100,0,100
S04-surge-high,equity-aware,totalCost,lower,-3955.163389,-4209.801908,-3700.52487,0,100,100
S04-surge-high,equity-aware,worstRegionEssentialFillRate,higher,-0.1364092143,-0.1417970216,-0.1310214071,0,100,100
S04-surge-high,equity-aware,minRegionalServiceLevel,higher,-0.01776176286,-0.01997533495,-0.01554819077,5,95,100
S04-surge-high,equity-aware,essentialServiceGap,lower,0.0985841601,0.09344245711,0.1037258631,100,0,100
S04-surge-high,equity-aware,cumulativeUnmetEssentialDemand,lower,1358.25,1316.591348,1399.908652,100,0,100
S04-surge-high,equity-aware,maxBacklog,lower,-1140.4,-1220.349051,-1060.450949,0,100,100
S04-surge-high,equity-aware,backlogAtHorizon,lower,0.04,-0.1764828518,0.2564828518,8,3,100
S04-surge-high,equity-aware,serviceLossAUC,lower,6.064021975,5.899820405,6.228223546,100,0,100
S04-surge-high,equity-aware,timeToRecovery90,lower,20.88,20.10749052,21.65250948,100,0,100
S04-surge-high,equity-aware,timeToRecovery95,lower,26.55,25.73437101,27.36562899,100,0,100
S04-surge-high,equity-aware,timeToRecovery99,lower,35.09,33.69002315,36.48997685,100,0,100
S04-surge-high,equity-aware,fillRate,higher,-0.0507286631,-0.05273333092,-0.04872399529,0,100,100
S04-surge-high,equity-constrained-rolling-horizon,totalCost,lower,2819.010829,2577.078288,3060.943371,97,3,100
S04-surge-high,equity-constrained-rolling-horizon,worstRegionEssentialFillRate,higher,0.004082726456,0.003520135424,0.004645317488,89,0,100
S04-surge-high,equity-constrained-rolling-horizon,minRegionalServiceLevel,higher,-0.001170803357,-0.002443157007,0.0001015502942,43,57,100
S04-surge-high,equity-constrained-rolling-horizon,essentialServiceGap,lower,-0.004085267916,-0.004645559159,-0.003524976673,0,90,100
S04-surge-high,equity-constrained-rolling-horizon,cumulativeUnmetEssentialDemand,lower,-49.64,-58.33156478,-40.94843522,2,96,100
S04-surge-high,equity-constrained-rolling-horizon,maxBacklog,lower,159.69,111.5282014,207.8517986,74,26,100
S04-surge-high,equity-constrained-rolling-horizon,backlogAtHorizon,lower,0.04,-0.2924103355,0.3724103355,2,3,100
S04-surge-high,equity-constrained-rolling-horizon,serviceLossAUC,lower,-0.1505961712,-0.1779413643,-0.1232509781,3,95,100
S04-surge-high,equity-constrained-rolling-horizon,timeToRecovery90,lower,0,0,0,0,0,100
S04-surge-high,equity-constrained-rolling-horizon,timeToRecovery95,lower,-0.07,-0.2088969697,0.0688969697,0,1,100
S04-surge-high,equity-constrained-rolling-horizon,timeToRecovery99,lower,-0.49,-0.8812928012,-0.0987071988,0,6,100
S04-surge-high,equity-constrained-rolling-horizon,fillRate,higher,-0.007436086617,-0.008423977847,-0.006448195386,8,92,100
S05-supply-low,fixed-allocation,totalCost,lower,72392.07742,72202.99957,72581.15526,100,0,100
S05-supply-low,fixed-allocation,worstRegionEssentialFillRate,higher,-0.0422840612,-0.04658234339,-0.037985779,0,100,100
S05-supply-low,fixed-allocation,minRegionalServiceLevel,higher,-0.01946859666,-0.02359259169,-0.01534460164,15,85,100
S05-supply-low,fixed-allocation,essentialServiceGap,lower,0.03656829718,0.03216266333,0.04097393103,100,0,100
S05-supply-low,fixed-allocation,cumulativeUnmetEssentialDemand,lower,787.09,706.674299,867.505701,100,0,100
S05-supply-low,fixed-allocation,maxBacklog,lower,-270.65,-288.2649957,-253.0350043,0,100,100
S05-supply-low,fixed-allocation,backlogAtHorizon,lower,0.53,-0.1892845959,1.249284596,9,4,100
S05-supply-low,fixed-allocation,serviceLossAUC,lower,4.380571034,3.92484338,4.836298688,100,0,100
S05-supply-low,fixed-allocation,timeToRecovery90,lower,18.12,16.64391847,19.59608153,99,0,100
S05-supply-low,fixed-allocation,timeToRecovery95,lower,24.33,22.59351045,26.06648955,100,0,100
S05-supply-low,fixed-allocation,timeToRecovery99,lower,33.11,30.89992014,35.32007986,100,0,100
S05-supply-low,fixed-allocation,fillRate,higher,-0.02058454476,-0.0243014653,-0.01686762422,7,93,100
S05-supply-low,reorder-point,totalCost,lower,3962.22027,3704.319233,4220.121307,100,0,100
S05-supply-low,reorder-point,worstRegionEssentialFillRate,higher,0.00008242631466,-0.00007391741295,0.0002387700423,21,17,100
S05-supply-low,reorder-point,minRegionalServiceLevel,higher,0.02050128508,0.01995546913,0.02104710102,100,0,100
S05-supply-low,reorder-point,essentialServiceGap,lower,-0.00008242631466,-0.0002387700423,0.00007391741295,17,21,100
S05-supply-low,reorder-point,cumulativeUnmetEssentialDemand,lower,-0.21,-0.4938481943,0.07384819428,18,22,100
S05-supply-low,reorder-point,maxBacklog,lower,-514.98,-526.3236594,-503.6363406,0,100,100
S05-supply-low,reorder-point,backlogAtHorizon,lower,-0.22,-0.5471767194,0.1071767194,0,4,100
S05-supply-low,reorder-point,serviceLossAUC,lower,-0.001751318799,-0.00327445026,-0.0002281873372,12,24,100
S05-supply-low,reorder-point,timeToRecovery90,lower,0,0,0,0,0,100
S05-supply-low,reorder-point,timeToRecovery95,lower,0,0,0,0,0,100
S05-supply-low,reorder-point,timeToRecovery99,lower,0,0,0,0,0,100
S05-supply-low,reorder-point,fillRate,higher,0.01684234048,0.01643773446,0.0172469465,100,0,100
S05-supply-low,equity-aware,totalCost,lower,485.9894471,293.9654999,678.0133942,68,32,100
S05-supply-low,equity-aware,worstRegionEssentialFillRate,higher,-0.001247629741,-0.001515339406,-0.0009799200769,6,74,100
S05-supply-low,equity-aware,minRegionalServiceLevel,higher,-0.0008197348444,-0.001751894401,0.0001124247122,46,54,100
S05-supply-low,equity-aware,essentialServiceGap,lower,0.001247629741,0.0009799200769,0.001515339406,74,6,100
S05-supply-low,equity-aware,cumulativeUnmetEssentialDemand,lower,7.86,6.690342042,9.029657958,90,1,100
S05-supply-low,equity-aware,maxBacklog,lower,-212.13,-221.4036024,-202.8563976,0,100,100
S05-supply-low,equity-aware,backlogAtHorizon,lower,-0.13,-0.4738601846,0.2138601846,4,4,100
S05-supply-low,equity-aware,serviceLossAUC,lower,0.005259307978,0.00275507733,0.007763538625,49,16,100
S05-supply-low,equity-aware,timeToRecovery90,lower,0,0,0,0,0,100
S05-supply-low,equity-aware,timeToRecovery95,lower,0,0,0,0,0,100
S05-supply-low,equity-aware,timeToRecovery99,lower,0,0,0,0,0,100
S05-supply-low,equity-aware,fillRate,higher,0.004340388068,0.003884971818,0.004795804317,99,1,100
S05-supply-low,equity-constrained-rolling-horizon,totalCost,lower,431.0538694,223.2978728,638.809866,63,37,100
S05-supply-low,equity-constrained-rolling-horizon,worstRegionEssentialFillRate,higher,0.00008821963529,-0.00001297823824,0.0001894175088,19,12,100
S05-supply-low,equity-constrained-rolling-horizon,minRegionalServiceLevel,higher,-0.007615595782,-0.008621384328,-0.006609807235,5,95,100
S05-supply-low,equity-constrained-rolling-horizon,essentialServiceGap,lower,-0.00008821963529,-0.0001894175088,0.00001297823824,12,19,100
S05-supply-low,equity-constrained-rolling-horizon,cumulativeUnmetEssentialDemand,lower,-0.23,-0.4209789408,-0.03902105923,11,20,100
S05-supply-low,equity-constrained-rolling-horizon,maxBacklog,lower,-29.38,-38.36225907,-20.39774093,19,72,100
S05-supply-low,equity-constrained-rolling-horizon,backlogAtHorizon,lower,0.2,-0.3138793584,0.7138793584,4,3,100
S05-supply-low,equity-constrained-rolling-horizon,serviceLossAUC,lower,-0.001140222161,-0.00221960689,-0.00006083743157,12,19,100
S05-supply-low,equity-constrained-rolling-horizon,timeToRecovery90,lower,0,0,0,0,0,100
S05-supply-low,equity-constrained-rolling-horizon,timeToRecovery95,lower,0,0,0,0,0,100
S05-supply-low,equity-constrained-rolling-horizon,timeToRecovery99,lower,0,0,0,0,0,100
S05-supply-low,equity-constrained-rolling-horizon,fillRate,higher,-0.005125218634,-0.005830405623,-0.004420031645,5,95,100
S06-supply-mid,fixed-allocation,totalCost,lower,68401.2551,68184.43382,68618.07637,100,0,100
S06-supply-mid,fixed-allocation,worstRegionEssentialFillRate,higher,-0.4439833542,-0.4456854551,-0.4422812534,0,100,100
S06-supply-mid,fixed-allocation,minRegionalServiceLevel,higher,-0.3348270713,-0.3368681887,-0.3327859539,0,100,100
S06-supply-mid,fixed-allocation,essentialServiceGap,lower,0.3186423403,0.3160813846,0.3212032959,100,0,100
S06-supply-mid,fixed-allocation,cumulativeUnmetEssentialDemand,lower,8154.93,8120.693246,8189.166754,100,0,100
S06-supply-mid,fixed-allocation,maxBacklog,lower,779.74,733.4471727,826.0328273,100,0,100
S06-supply-mid,fixed-allocation,backlogAtHorizon,lower,992.58,942.9950676,1042.164932,100,0,100
S06-supply-mid,fixed-allocation,serviceLossAUC,lower,46.54556538,46.38842282,46.70270794,100,0,100
S06-supply-mid,fixed-allocation,timeToRecovery90,lower,60,60,60,100,0,100
S06-supply-mid,fixed-allocation,timeToRecovery95,lower,60,60,60,100,0,100
S06-supply-mid,fixed-allocation,timeToRecovery99,lower,60,60,60,100,0,100
S06-supply-mid,fixed-allocation,fillRate,higher,-0.3092890197,-0.3108307253,-0.3077473142,0,100,100
S06-supply-mid,reorder-point,totalCost,lower,12482.3264,11764.4474,13200.2054,100,0,100
S06-supply-mid,reorder-point,worstRegionEssentialFillRate,higher,0.0002229031567,0.0000637777908,0.0003820285225,31,11,100
S06-supply-mid,reorder-point,minRegionalServiceLevel,higher,0.1089123909,0.1075801605,0.1102446212,100,0,100
S06-supply-mid,reorder-point,essentialServiceGap,lower,-0.0002229031567,-0.0003820285225,-0.0000637777908,11,31,100
S06-supply-mid,reorder-point,cumulativeUnmetEssentialDemand,lower,-0.63,-1.865995279,0.6059952792,11,33,100
S06-supply-mid,reorder-point,maxBacklog,lower,-2476.26,-2522.200365,-2430.319635,0,100,100
S06-supply-mid,reorder-point,backlogAtHorizon,lower,-0.91,-1.486673,-0.3333269997,0,14,100
S06-supply-mid,reorder-point,serviceLossAUC,lower,-0.003631822953,-0.01055611384,0.00329246793,10,33,100
S06-supply-mid,reorder-point,timeToRecovery90,lower,0,0,0,0,0,100
S06-supply-mid,reorder-point,timeToRecovery95,lower,0.06,-0.05905454545,0.1790545455,1,0,100
S06-supply-mid,reorder-point,timeToRecovery99,lower,0.09,-0.08858181818,0.2685818182,1,0,100
S06-supply-mid,reorder-point,fillRate,higher,0.08007602466,0.07907727017,0.08107477916,100,0,100
S06-supply-mid,equity-aware,totalCost,lower,-612.8101335,-843.7526241,-381.8676429,29,71,100
S06-supply-mid,equity-aware,worstRegionEssentialFillRate,higher,-0.02211859741,-0.02560177153,-0.01863542329,0,100,100
S06-supply-mid,equity-aware,minRegionalServiceLevel,higher,0.01757066325,0.01585635173,0.01928497477,97,3,100
S06-supply-mid,equity-aware,essentialServiceGap,lower,0.0220735755,0.0186013915,0.0255457595,100,0,100
S06-supply-mid,equity-aware,cumulativeUnmetEssentialDemand,lower,55.62,48.05640296,63.18359704,98,2,100
S06-supply-mid,equity-aware,maxBacklog,lower,-541.93,-604.2865125,-479.5734875,5,95,100
S06-supply-mid,equity-aware,backlogAtHorizon,lower,-0.84,-1.428026559,-0.2519734411,3,14,100
S06-supply-mid,equity-aware,serviceLossAUC,lower,0.2515468302,0.2119778312,0.2911158292,96,2,100
S06-supply-mid,equity-aware,timeToRecovery90,lower,0,0,0,0,0,100
S06-supply-mid,equity-aware,timeToRecovery95,lower,0.67,-0.004545150444,1.34454515,5,0,100
S06-supply-mid,equity-aware,timeToRecovery99,lower,10.51,8.177253007,12.84274699,56,0,100
S06-supply-mid,equity-aware,fillRate,higher,0.002134647987,0.0003808909967,0.003888404977,65,35,100
S06-supply-mid,equity-constrained-rolling-horizon,totalCost,lower,361.1998971,147.3812377,575.0185564,65,35,100
S06-supply-mid,equity-constrained-rolling-horizon,worstRegionEssentialFillRate,higher,0.0001504638989,0.0000435323209,0.0002573954768,28,11,100
S06-supply-mid,equity-constrained-rolling-horizon,minRegionalServiceLevel,higher,-0.00618106943,-0.007497903976,-0.004864234885,17,83,100
S06-supply-mid,equity-constrained-rolling-horizon,essentialServiceGap,lower,-0.0001504638989,-0.0002573954768,-0.0000435323209,11,28,100
S06-supply-mid,equity-constrained-rolling-horizon,cumulativeUnmetEssentialDemand,lower,-1.17,-1.890168707,-0.4498312934,10,31,100
S06-supply-mid,equity-constrained-rolling-horizon,maxBacklog,lower,550.43,499.3513281,601.5086719,97,3,100
S06-supply-mid,equity-constrained-rolling-horizon,backlogAtHorizon,lower,-0.71,-1.280571863,-0.1394281372,5,14,100
S06-supply-mid,equity-constrained-rolling-horizon,serviceLossAUC,lower,-0.006522136062,-0.01063648723,-0.002407784898,11,30,100
S06-supply-mid,equity-constrained-rolling-horizon,timeToRecovery90,lower,0,0,0,0,0,100
S06-supply-mid,equity-constrained-rolling-horizon,timeToRecovery95,lower,0,0,0,0,0,100
S06-supply-mid,equity-constrained-rolling-horizon,timeToRecovery99,lower,0,0,0,0,0,100
S06-supply-mid,equity-constrained-rolling-horizon,fillRate,higher,-0.005829906401,-0.006779100907,-0.004880711895,12,88,100
S07-supply-high,fixed-allocation,totalCost,lower,64377.5037,64184.6394,64570.36799,100,0,100
S07-supply-high,fixed-allocation,worstRegionEssentialFillRate,higher,-0.6168242864,-0.6197170592,-0.6139315136,0,100,100
S07-supply-high,fixed-allocation,minRegionalServiceLevel,higher,-0.3874306089,-0.3904198655,-0.3844413523,0,100,100
S07-supply-high,fixed-allocation,essentialServiceGap,lower,0.3133945727,0.3102245352,0.3165646101,100,0,100
S07-supply-high,fixed-allocation,cumulativeUnmetEssentialDemand,lower,11101.91,11049.80873,11154.01127,100,0,100
S07-supply-high,fixed-allocation,maxBacklog,lower,402.05,353.6159046,450.4840954,93,7,100
S07-supply-high,fixed-allocation,backlogAtHorizon,lower,3025.29,2977.398174,3073.181826,100,0,100
S07-supply-high,fixed-allocation,serviceLossAUC,lower,63.44773811,63.19812686,63.69734937,100,0,100
S07-supply-high,fixed-allocation,timeToRecovery90,lower,60,60,60,100,0,100
S07-supply-high,fixed-allocation,timeToRecovery95,lower,59.99,59.97015758,60.00984242,100,0,100
S07-supply-high,fixed-allocation,timeToRecovery99,lower,59.33,58.97655811,59.68344189,100,0,100
S07-supply-high,fixed-allocation,fillRate,higher,-0.3417268334,-0.3439284792,-0.3395251876,0,100,100
S07-supply-high,reorder-point,totalCost,lower,87963.5167,87179.61978,88747.41362,100,0,100
S07-supply-high,reorder-point,worstRegionEssentialFillRate,higher,-0.08202125991,-0.08671879338,-0.07732372645,0,100,100
S07-supply-high,reorder-point,minRegionalServiceLevel,higher,0.134143743,0.1298373546,0.1384501314,100,0,100
S07-supply-high,reorder-point,essentialServiceGap,lower,0.08203795671,0.07734501915,0.08673089427,100,0,100
S07-supply-high,reorder-point,cumulativeUnmetEssentialDemand,lower,1182.7,1114.210774,1251.189226,100,0,100
S07-supply-high,reorder-point,maxBacklog,lower,-5316.42,-5398.304553,-5234.535447,0,100,100
S07-supply-high,reorder-point,backlogAtHorizon,lower,-0.26,-0.5606211445,0.04062114449,0,4,100
S07-supply-high,reorder-point,serviceLossAUC,lower,6.782292866,6.390529043,7.174056689,100,0,100
S07-supply-high,reorder-point,timeToRecovery90,lower,14.22,13.83683622,14.60316378,100,0,100
S07-supply-high,reorder-point,timeToRecovery95,lower,15.56,15.12188433,15.99811567,100,0,100
S07-supply-high,reorder-point,timeToRecovery99,lower,16.81,16.23498453,17.38501547,100,0,100
S07-supply-high,reorder-point,fillRate,higher,0.1226402704,0.1196124268,0.1256681141,100,0,100
S07-supply-high,equity-aware,totalCost,lower,-2436.387136,-2688.880348,-2183.893925,4,96,100
S07-supply-high,equity-aware,worstRegionEssentialFillRate,higher,-0.129447179,-0.1349738299,-0.123920528,0,100,100
S07-supply-high,equity-aware,minRegionalServiceLevel,higher,0.01404999743,0.01173827948,0.01636171539,86,14,100
S07-supply-high,equity-aware,essentialServiceGap,lower,0.08488615272,0.07988954011,0.08988276533,100,0,100
S07-supply-high,equity-aware,cumulativeUnmetEssentialDemand,lower,1230.02,1180.885278,1279.154722,100,0,100
S07-supply-high,equity-aware,maxBacklog,lower,-827.61,-917.7380051,-737.4819949,5,95,100
S07-supply-high,equity-aware,backlogAtHorizon,lower,-0.2,-0.5153168199,0.1153168199,2,4,100
S07-supply-high,equity-aware,serviceLossAUC,lower,6.913271808,6.634694365,7.191849251,100,0,100
S07-supply-high,equity-aware,timeToRecovery90,lower,19.56,18.42614948,20.69385052,100,0,100
S07-supply-high,equity-aware,timeToRecovery95,lower,26.12,25.03125526,27.20874474,100,0,100
S07-supply-high,equity-aware,timeToRecovery99,lower,35.76,34.26282739,37.25717261,100,0,100
S07-supply-high,equity-aware,fillRate,higher,-0.02430703481,-0.02649573533,-0.0221183343,0,100,100
S07-supply-high,equity-constrained-rolling-horizon,totalCost,lower,392.9605629,142.7910495,643.1300764,63,37,100
S07-supply-high,equity-constrained-rolling-horizon,worstRegionEssentialFillRate,higher,0.01124558711,0.01013570126,0.01235547296,99,0,100
S07-supply-high,equity-constrained-rolling-horizon,minRegionalServiceLevel,higher,0.0101435764,0.008786491648,0.01150066114,93,7,100
S07-supply-high,equity-constrained-rolling-horizon,essentialServiceGap,lower,-0.01121244061,-0.01231930366,-0.01010557756,0,99,100
S07-supply-high,equity-constrained-rolling-horizon,cumulativeUnmetEssentialDemand,lower,-173.79,-189.5446192,-158.0353808,0,100,100
S07-supply-high,equity-constrained-rolling-horizon,maxBacklog,lower,-246.59,-299.683391,-193.496609,15,84,100
S07-supply-high,equity-constrained-rolling-horizon,backlogAtHorizon,lower,-0.19,-0.5099432621,0.1299432621,3,4,100
S07-supply-high,equity-constrained-rolling-horizon,serviceLossAUC,lower,-0.9951742695,-1.085815627,-0.9045329121,0,100,100
S07-supply-high,equity-constrained-rolling-horizon,timeToRecovery90,lower,0,0,0,0,0,100
S07-supply-high,equity-constrained-rolling-horizon,timeToRecovery95,lower,-0.01,-0.02984242424,0.009842424242,0,1,100
S07-supply-high,equity-constrained-rolling-horizon,timeToRecovery99,lower,-0.67,-1.023441885,-0.3165581148,0,18,100
S07-supply-high,equity-constrained-rolling-horizon,fillRate,higher,0.002991005573,0.001969444911,0.004012566234,73,27,100
S08-rural-road,fixed-allocation,totalCost,lower,73146.59973,72970.90374,73322.29573,100,0,100
S08-rural-road,fixed-allocation,worstRegionEssentialFillRate,higher,-0.1308169473,-0.1350920875,-0.1265418072,0,100,100
S08-rural-road,fixed-allocation,minRegionalServiceLevel,higher,-0.1321044221,-0.1342529982,-0.129955846,0,100,100
S08-rural-road,fixed-allocation,essentialServiceGap,lower,0.1308169473,0.1265418072,0.1350920875,100,0,100
S08-rural-road,fixed-allocation,cumulativeUnmetEssentialDemand,lower,211.39,204.1907766,218.5892234,100,0,100
S08-rural-road,fixed-allocation,maxBacklog,lower,-457.67,-468.9138655,-446.4261345,0,100,100
S08-rural-road,fixed-allocation,backlogAtHorizon,lower,-0.38,-0.7364949152,-0.02350508476,0,8,100
S08-rural-road,fixed-allocation,serviceLossAUC,lower,1.099210495,1.058572895,1.139848095,100,0,100
S08-rural-road,fixed-allocation,timeToRecovery90,lower,0,0,0,0,0,100
S08-rural-road,fixed-allocation,timeToRecovery95,lower,3,2.116212458,3.883787542,36,0,100
S08-rural-road,fixed-allocation,timeToRecovery99,lower,15.15,14.97990418,15.32009582,100,0,100
S08-rural-road,fixed-allocation,fillRate,higher,0.003864223081,0.003557805684,0.004170640479,99,1,100
S08-rural-road,reorder-point,totalCost,lower,4940.548971,4683.725179,5197.372762,100,0,100
S08-rural-road,reorder-point,worstRegionEssentialFillRate,higher,0.002731199615,0.002032665033,0.003429734196,69,21,100
S08-rural-road,reorder-point,minRegionalServiceLevel,higher,0.01654374098,0.01614137531,0.01694610664,100,0,100
S08-rural-road,reorder-point,essentialServiceGap,lower,-0.002731199615,-0.003429734196,-0.002032665033,21,69,100
S08-rural-road,reorder-point,cumulativeUnmetEssentialDemand,lower,-4.79,-6.003800211,-3.576199789,21,70,100
S08-rural-road,reorder-point,maxBacklog,lower,-514.43,-525.7553885,-503.1046115,0,100,100
S08-rural-road,reorder-point,backlogAtHorizon,lower,-0.38,-0.7364949152,-0.02350508476,0,8,100
S08-rural-road,reorder-point,serviceLossAUC,lower,-0.02679986481,-0.03357094767,-0.02002878194,22,74,100
S08-rural-road,reorder-point,timeToRecovery90,lower,0,0,0,0,0,100
S08-rural-road,reorder-point,timeToRecovery95,lower,0,0,0,0,0,100
S08-rural-road,reorder-point,timeToRecovery99,lower,0,0,0,0,0,100
S08-rural-road,reorder-point,fillRate,higher,0.01519383996,0.01489904515,0.01548863477,100,0,100
S08-rural-road,equity-aware,totalCost,lower,562.3664465,367.4593805,757.2735125,74,26,100
S08-rural-road,equity-aware,worstRegionEssentialFillRate,higher,-0.002388718961,-0.003171760547,-0.001605677374,22,66,100
S08-rural-road,equity-aware,minRegionalServiceLevel,higher,-0.003552101529,-0.004404770012,-0.002699433047,20,80,100
S08-rural-road,equity-aware,essentialServiceGap,lower,0.002388718961,0.001605677374,0.003171760547,66,22,100
S08-rural-road,equity-aware,cumulativeUnmetEssentialDemand,lower,10.09,8.440656109,11.73934389,92,7,100
S08-rural-road,equity-aware,maxBacklog,lower,-212.13,-221.4036024,-202.8563976,0,100,100
S08-rural-road,equity-aware,backlogAtHorizon,lower,-0.09,-0.5535007099,0.3735007099,10,8,100
S08-rural-road,equity-aware,serviceLossAUC,lower,0.01289302211,0.005726437397,0.02005960682,56,40,100
S08-rural-road,equity-aware,timeToRecovery90,lower,0,0,0,0,0,100
S08-rural-road,equity-aware,timeToRecovery95,lower,0,0,0,0,0,100
S08-rural-road,equity-aware,timeToRecovery99,lower,0,0,0,0,0,100
S08-rural-road,equity-aware,fillRate,higher,0.002930276315,0.002636349752,0.003224202878,99,1,100
S08-rural-road,equity-constrained-rolling-horizon,totalCost,lower,218.2728071,23.76407334,412.7815408,58,42,100
S08-rural-road,equity-constrained-rolling-horizon,worstRegionEssentialFillRate,higher,0.001163198521,0.0008518523999,0.001474544643,56,3,100
S08-rural-road,equity-constrained-rolling-horizon,minRegionalServiceLevel,higher,0.0009169844918,0.0005827603683,0.001251208615,69,28,100
S08-rural-road,equity-constrained-rolling-horizon,essentialServiceGap,lower,-0.001163198521,-0.001474544643,-0.0008518523999,3,56,100
S08-rural-road,equity-constrained-rolling-horizon,cumulativeUnmetEssentialDemand,lower,-2.24,-2.887510594,-1.592489406,3,57,100
S08-rural-road,equity-constrained-rolling-horizon,maxBacklog,lower,-33,-41.59047098,-24.40952902,17,74,100
S08-rural-road,equity-constrained-rolling-horizon,backlogAtHorizon,lower,-0.13,-0.540304611,0.280304611,8,8,100
S08-rural-road,equity-constrained-rolling-horizon,serviceLossAUC,lower,-0.01236076592,-0.01589322724,-0.008828304598,4,58,100
S08-rural-road,equity-constrained-rolling-horizon,timeToRecovery90,lower,0,0,0,0,0,100
S08-rural-road,equity-constrained-rolling-horizon,timeToRecovery95,lower,0,0,0,0,0,100
S08-rural-road,equity-constrained-rolling-horizon,timeToRecovery99,lower,0,0,0,0,0,100
S08-rural-road,equity-constrained-rolling-horizon,fillRate,higher,0.0007363923172,0.0004765921307,0.0009961925038,72,28,100
S09-surge-supply,fixed-allocation,totalCost,lower,50844.62221,50641.19237,51048.05205,100,0,100
S09-surge-supply,fixed-allocation,worstRegionEssentialFillRate,higher,-0.6614480562,-0.6639628177,-0.6589332947,0,100,100
S09-surge-supply,fixed-allocation,minRegionalServiceLevel,higher,-0.3722803511,-0.3737883659,-0.3707723363,0,100,100
S09-surge-supply,fixed-allocation,essentialServiceGap,lower,0.3042848196,0.3015307745,0.3070388648,100,0,100
S09-surge-supply,fixed-allocation,cumulativeUnmetEssentialDemand,lower,13736.22,13688.6507,13783.7893,100,0,100
S09-surge-supply,fixed-allocation,maxBacklog,lower,441.78,392.1963397,491.3636603,96,4,100
S09-surge-supply,fixed-allocation,backlogAtHorizon,lower,6519.2,6481.785393,6556.614607,100,0,100
S09-surge-supply,fixed-allocation,serviceLossAUC,lower,66.96971943,66.75868313,67.18075573,100,0,100
S09-surge-supply,fixed-allocation,timeToRecovery90,lower,47.82,47.40996203,48.23003797,100,0,100
S09-surge-supply,fixed-allocation,timeToRecovery95,lower,45.77,45.3144965,46.2255035,100,0,100
S09-surge-supply,fixed-allocation,timeToRecovery99,lower,41.31,40.5025451,42.1174549,100,0,100
S09-surge-supply,fixed-allocation,fillRate,higher,-0.3319154373,-0.3331029864,-0.3307278882,0,100,100
S09-surge-supply,reorder-point,totalCost,lower,75906.58558,74983.20642,76829.96473,100,0,100
S09-surge-supply,reorder-point,worstRegionEssentialFillRate,higher,-0.2335358836,-0.2405073093,-0.226564458,0,100,100
S09-surge-supply,reorder-point,minRegionalServiceLevel,higher,0.03803039037,0.03309080589,0.04296997484,94,6,100
S09-surge-supply,reorder-point,essentialServiceGap,lower,0.2333601993,0.2263876116,0.2403327869,100,0,100
S09-surge-supply,reorder-point,cumulativeUnmetEssentialDemand,lower,3922.64,3798.736725,4046.543275,100,0,100
S09-surge-supply,reorder-point,maxBacklog,lower,-5894.36,-5983.358386,-5805.361614,0,100,100
S09-surge-supply,reorder-point,backlogAtHorizon,lower,3.06,0.436257855,5.683742145,11,7,100
S09-surge-supply,reorder-point,serviceLossAUC,lower,17.8132318,17.24980232,18.37666127,100,0,100
S09-surge-supply,reorder-point,timeToRecovery90,lower,14.13,13.25860441,15.00139559,100,0,100
S09-surge-supply,reorder-point,timeToRecovery95,lower,14.58,13.3554725,15.8045275,100,0,100
S09-surge-supply,reorder-point,timeToRecovery99,lower,12.37,10.83361932,13.90638068,99,1,100
S09-surge-supply,reorder-point,fillRate,higher,0.0614247333,0.05769849337,0.06515097324,100,0,100
S09-surge-supply,equity-aware,totalCost,lower,-6323.133194,-6577.747195,-6068.519192,0,100,100
S09-surge-supply,equity-aware,worstRegionEssentialFillRate,higher,-0.1761044122,-0.1831129239,-0.1690959006,0,100,100
S09-surge-supply,equity-aware,minRegionalServiceLevel,higher,-0.02888598801,-0.03137679929,-0.02639517673,1,99,100
S09-surge-supply,equity-aware,essentialServiceGap,lower,0.03843690458,0.03021254847,0.04666126069,85,15,100
S09-surge-supply,equity-aware,cumulativeUnmetEssentialDemand,lower,2830.57,2777.276747,2883.863253,100,0,100
S09-surge-supply,equity-aware,maxBacklog,lower,-792.4,-912.8563541,-671.9436459,11,89,100
S09-surge-supply,equity-aware,backlogAtHorizon,lower,12.32,8.969337181,15.67066282,60,4,100
S09-surge-supply,equity-aware,serviceLossAUC,lower,14.08426357,13.84080551,14.32772162,100,0,100
S09-surge-supply,equity-aware,timeToRecovery90,lower,26.59,25.78185585,27.39814415,100,0,100
S09-surge-supply,equity-aware,timeToRecovery95,lower,29.31,28.45517383,30.16482617,100,0,100
S09-surge-supply,equity-aware,timeToRecovery99,lower,34.22,32.71053652,35.72946348,100,0,100
S09-surge-supply,equity-aware,fillRate,higher,-0.08010925507,-0.08219112834,-0.0780273818,0,100,100
S09-surge-supply,equity-constrained-rolling-horizon,totalCost,lower,2778.980109,2539.236657,3018.723562,99,1,100
S09-surge-supply,equity-constrained-rolling-horizon,worstRegionEssentialFillRate,higher,0.03401427989,0.03154845065,0.03648010913,100,0,100
S09-surge-supply,equity-constrained-rolling-horizon,minRegionalServiceLevel,higher,0.01897318933,0.01748758374,0.02045879493,98,2,100
S09-surge-supply,equity-constrained-rolling-horizon,essentialServiceGap,lower,-0.03597295091,-0.03847145138,-0.03347445044,0,100,100
S09-surge-supply,equity-constrained-rolling-horizon,cumulativeUnmetEssentialDemand,lower,-697.38,-738.6960415,-656.0639585,0,100,100
S09-surge-supply,equity-constrained-rolling-horizon,maxBacklog,lower,-916.54,-970.1044,-862.9756,0,100,100
S09-surge-supply,equity-constrained-rolling-horizon,backlogAtHorizon,lower,-0.02,-0.3722302,0.3322302,7,7,100
S09-surge-supply,equity-constrained-rolling-horizon,serviceLossAUC,lower,-3.324097168,-3.520171204,-3.128023133,0,100,100
S09-surge-supply,equity-constrained-rolling-horizon,timeToRecovery90,lower,-9.61,-10.34104285,-8.878957146,0,99,100
S09-surge-supply,equity-constrained-rolling-horizon,timeToRecovery95,lower,-7.59,-8.338355167,-6.841644833,0,99,100
S09-surge-supply,equity-constrained-rolling-horizon,timeToRecovery99,lower,-6.67,-7.440847414,-5.899152586,3,97,100
S09-surge-supply,equity-constrained-rolling-horizon,fillRate,higher,0.005589216456,0.004506594651,0.006671838262,83,17,100
S10-surge-supply-road,fixed-allocation,totalCost,lower,51079.61591,50864.35119,51294.88063,100,0,100
S10-surge-supply-road,fixed-allocation,worstRegionEssentialFillRate,higher,-0.61782614,-0.6220859831,-0.6135662968,0,100,100
S10-surge-supply-road,fixed-allocation,minRegionalServiceLevel,higher,-0.3541785017,-0.3561426922,-0.3522143111,0,100,100
S10-surge-supply-road,fixed-allocation,essentialServiceGap,lower,0.2606868169,0.2562491006,0.2651245331,100,0,100
S10-surge-supply-road,fixed-allocation,cumulativeUnmetEssentialDemand,lower,13119.99,13041.81325,13198.16675,100,0,100
S10-surge-supply-road,fixed-allocation,maxBacklog,lower,325.64,272.6280231,378.6519769,88,12,100
S10-surge-supply-road,fixed-allocation,backlogAtHorizon,lower,6518.24,6480.948845,6555.531155,100,0,100
S10-surge-supply-road,fixed-allocation,serviceLossAUC,lower,64.61291421,64.29738422,64.9284442,100,0,100
S10-surge-supply-road,fixed-allocation,timeToRecovery90,lower,47.24,46.47015155,48.00984845,100,0,100
S10-surge-supply-road,fixed-allocation,timeToRecovery95,lower,45.5,44.62685134,46.37314866,100,0,100
S10-surge-supply-road,fixed-allocation,timeToRecovery99,lower,41.48,40.36948299,42.59051701,100,0,100
S10-surge-supply-road,fixed-allocation,fillRate,higher,-0.3191964828,-0.3207480275,-0.3176449381,0,100,100
S10-surge-supply-road,reorder-point,totalCost,lower,76016.14852,75104.9525,76927.34454,100,0,100
S10-surge-supply-road,reorder-point,worstRegionEssentialFillRate,higher,-0.1899139674,-0.1973328727,-0.1824950622,0,100,100
S10-surge-supply-road,reorder-point,minRegionalServiceLevel,higher,0.05613223984,0.05107816009,0.06118631958,98,2,100
S10-surge-supply-road,reorder-point,essentialServiceGap,lower,0.1887732097,0.1814570068,0.1960894126,100,0,100
S10-surge-supply-road,reorder-point,cumulativeUnmetEssentialDemand,lower,3136.29,3004.272981,3268.307019,100,0,100
S10-surge-supply-road,reorder-point,maxBacklog,lower,-6294.01,-6386.883134,-6201.136866,0,100,100
S10-surge-supply-road,reorder-point,backlogAtHorizon,lower,2.1,-0.8388474905,5.03884749,11,9,100
S10-surge-supply-road,reorder-point,serviceLossAUC,lower,14.70687601,14.1195884,15.29416362,100,0,100
S10-surge-supply-road,reorder-point,timeToRecovery90,lower,13.55,12.52248316,14.57751684,100,0,100
S10-surge-supply-road,reorder-point,timeToRecovery95,lower,14.31,12.87229499,15.74770501,100,0,100
S10-surge-supply-road,reorder-point,timeToRecovery99,lower,12.54,10.86094578,14.21905422,96,1,100
S10-surge-supply-road,reorder-point,fillRate,higher,0.08106239279,0.07722799934,0.08489678624,100,0,100
S10-surge-supply-road,equity-aware,totalCost,lower,-6127.054032,-6401.749589,-5852.358474,0,100,100
S10-surge-supply-road,equity-aware,worstRegionEssentialFillRate,higher,-0.1645196655,-0.1714455545,-0.1575937764,0,100,100
S10-surge-supply-road,equity-aware,minRegionalServiceLevel,higher,-0.01671805726,-0.01968669223,-0.01374942229,17,83,100
S10-surge-supply-road,equity-aware,essentialServiceGap,lower,0.01539063993,0.007254386616,0.02352689324,64,36,100
S10-surge-supply-road,equity-aware,cumulativeUnmetEssentialDemand,lower,2353.02,2269.909037,2436.130963,100,0,100
S10-surge-supply-road,equity-aware,maxBacklog,lower,-356.25,-457.2021883,-255.2978117,24,75,100
S10-surge-supply-road,equity-aware,backlogAtHorizon,lower,20.79,14.89566367,26.68433633,57,4,100
S10-surge-supply-road,equity-aware,serviceLossAUC,lower,12.71168269,12.36366451,13.05970088,100,0,100
S10-surge-supply-road,equity-aware,timeToRecovery90,lower,28.18,27.02941588,29.33058412,100,0,100
S10-surge-supply-road,equity-aware,timeToRecovery95,lower,31.06,29.90099899,32.21900101,100,0,100
S10-surge-supply-road,equity-aware,timeToRecovery99,lower,37.63,36.25508705,39.00491295,100,0,100
S10-surge-supply-road,equity-aware,fillRate,higher,-0.06601871946,-0.06837598423,-0.06366145469,0,100,100
S10-surge-supply-road,equity-constrained-rolling-horizon,totalCost,lower,3421.334328,3137.181973,3705.486683,99,1,100
S10-surge-supply-road,equity-constrained-rolling-horizon,worstRegionEssentialFillRate,higher,0.05665920125,0.05252084263,0.06079755986,100,0,100
S10-surge-supply-road,equity-constrained-rolling-horizon,minRegionalServiceLevel,higher,0.0332118349,0.03131957474,0.03510409506,100,0,100
S10-surge-supply-road,equity-constrained-rolling-horizon,essentialServiceGap,lower,-0.06160984466,-0.06585887692,-0.05736081239,0,100,100
S10-surge-supply-road,equity-constrained-rolling-horizon,cumulativeUnmetEssentialDemand,lower,-1353.56,-1426.108009,-1281.011991,0,100,100
S10-surge-supply-road,equity-constrained-rolling-horizon,maxBacklog,lower,-1208.19,-1263.602215,-1152.777785,0,100,100
S10-surge-supply-road,equity-constrained-rolling-horizon,backlogAtHorizon,lower,-0.64,-2.062919687,0.7829196872,8,10,100
S10-surge-supply-road,equity-constrained-rolling-horizon,serviceLossAUC,lower,-5.853020288,-6.149288025,-5.55675255,0,100,100
S10-surge-supply-road,equity-constrained-rolling-horizon,timeToRecovery90,lower,-7.37,-8.326675597,-6.413324403,4,93,100
S10-surge-supply-road,equity-constrained-rolling-horizon,timeToRecovery95,lower,-5.7,-6.580406121,-4.819593879,6,93,100
S10-surge-supply-road,equity-constrained-rolling-horizon,timeToRecovery99,lower,-6.25,-7.259555629,-5.240444371,4,94,100
S10-surge-supply-road,equity-constrained-rolling-horizon,fillRate,higher,0.01859112511,0.01727366559,0.01990858463,100,0,100
S11-long-lead,fixed-allocation,totalCost,lower,50897.26496,50680.15359,51114.37633,100,0,100
S11-long-lead,fixed-allocation,worstRegionEssentialFillRate,higher,-0.6323617972,-0.635882799,-0.6288407953,0,100,100
S11-long-lead,fixed-allocation,minRegionalServiceLevel,higher,-0.3540630237,-0.3560006958,-0.3521253516,0,100,100
S11-long-lead,fixed-allocation,essentialServiceGap,lower,0.2719344295,0.2681301056,0.2757387533,100,0,100
S11-long-lead,fixed-allocation,cumulativeUnmetEssentialDemand,lower,13303.43,13240.56238,13366.29762,100,0,100
S11-long-lead,fixed-allocation,maxBacklog,lower,732.78,685.2869427,780.2730573,100,0,100
S11-long-lead,fixed-allocation,backlogAtHorizon,lower,6705.12,6667.742091,6742.497909,100,0,100
S11-long-lead,fixed-allocation,serviceLossAUC,lower,64.95786097,64.68656412,65.22915781,100,0,100
S11-long-lead,fixed-allocation,timeToRecovery90,lower,46.6,46.1874287,47.0125713,100,0,100
S11-long-lead,fixed-allocation,timeToRecovery95,lower,44.42,43.92089819,44.91910181,100,0,100
S11-long-lead,fixed-allocation,timeToRecovery99,lower,40.14,39.3488023,40.9311977,100,0,100
S11-long-lead,fixed-allocation,fillRate,higher,-0.3271123521,-0.3284775897,-0.3257471146,0,100,100
S11-long-lead,reorder-point,totalCost,lower,71740.87416,70870.04227,72611.70606,100,0,100
S11-long-lead,reorder-point,worstRegionEssentialFillRate,higher,-0.2070934474,-0.2150327744,-0.1991541204,0,100,100
S11-long-lead,reorder-point,minRegionalServiceLevel,higher,0.02263473168,0.01674173164,0.02852773172,79,21,100
S11-long-lead,reorder-point,essentialServiceGap,lower,0.2049260134,0.1970183333,0.2128336935,100,0,100
S11-long-lead,reorder-point,cumulativeUnmetEssentialDemand,lower,3500.74,3360.009778,3641.470222,100,0,100
S11-long-lead,reorder-point,maxBacklog,lower,-5056.3,-5166.887641,-4945.712359,0,100,100
S11-long-lead,reorder-point,backlogAtHorizon,lower,8.59,4.161524169,13.01847583,22,10,100
S11-long-lead,reorder-point,serviceLossAUC,lower,15.73708324,15.1198119,16.35435458,100,0,100
S11-long-lead,reorder-point,timeToRecovery90,lower,11.25,10.5606883,11.9393117,100,0,100
S11-long-lead,reorder-point,timeToRecovery95,lower,10.61,9.799987974,11.42001203,99,0,100
S11-long-lead,reorder-point,timeToRecovery99,lower,8.2,7.130150893,9.269849107,93,4,100
S11-long-lead,reorder-point,fillRate,higher,0.04369489013,0.03923807718,0.04815170307,96,4,100
S11-long-lead,equity-aware,totalCost,lower,-7205.247758,-7416.044622,-6994.450893,0,100,100
S11-long-lead,equity-aware,worstRegionEssentialFillRate,higher,-0.1957241643,-0.2042641276,-0.1871842011,0,100,100
S11-long-lead,equity-aware,minRegionalServiceLevel,higher,0.008440448899,0.005689361786,0.01119153601,77,23,100
S11-long-lead,equity-aware,essentialServiceGap,lower,0.08288010305,0.07439548996,0.09136471615,97,3,100
S11-long-lead,equity-aware,cumulativeUnmetEssentialDemand,lower,1957.24,1882.684587,2031.795413,100,0,100
S11-long-lead,equity-aware,maxBacklog,lower,-765.75,-871.9308381,-659.5691619,4,96,100
S11-long-lead,equity-aware,backlogAtHorizon,lower,46.84,40.52763006,53.15236994,95,2,100
S11-long-lead,equity-aware,serviceLossAUC,lower,10.78709314,10.43659346,11.13759283,100,0,100
S11-long-lead,equity-aware,timeToRecovery90,lower,26.22,25.02625866,27.41374134,100,0,100
S11-long-lead,equity-aware,timeToRecovery95,lower,30.14,28.8599473,31.4200527,100,0,100
S11-long-lead,equity-aware,timeToRecovery99,lower,36.53,35.06441638,37.99558362,100,0,100
S11-long-lead,equity-aware,fillRate,higher,-0.04951916415,-0.0515557931,-0.04748253521,0,100,100
S11-long-lead,equity-constrained-rolling-horizon,totalCost,lower,2979.824329,2732.705188,3226.94347,99,1,100
S11-long-lead,equity-constrained-rolling-horizon,worstRegionEssentialFillRate,higher,0.05990731193,0.05650940289,0.06330522097,100,0,100
S11-long-lead,equity-constrained-rolling-horizon,minRegionalServiceLevel,higher,0.02620225097,0.02413885418,0.02826564775,99,1,100
S11-long-lead,equity-constrained-rolling-horizon,essentialServiceGap,lower,-0.06359432623,-0.0672790302,-0.05990962225,0,100,100
S11-long-lead,equity-constrained-rolling-horizon,cumulativeUnmetEssentialDemand,lower,-1136.88,-1192.394664,-1081.365336,0,100,100
S11-long-lead,equity-constrained-rolling-horizon,maxBacklog,lower,-812.42,-874.2862283,-750.5537717,0,100,100
S11-long-lead,equity-constrained-rolling-horizon,backlogAtHorizon,lower,2.06,0.4445878937,3.675412106,17,12,100
S11-long-lead,equity-constrained-rolling-horizon,serviceLossAUC,lower,-5.079948891,-5.324046379,-4.835851403,0,100,100
S11-long-lead,equity-constrained-rolling-horizon,timeToRecovery90,lower,-9.25,-10.00748262,-8.492517376,0,100,100
S11-long-lead,equity-constrained-rolling-horizon,timeToRecovery95,lower,-7.17,-7.920986437,-6.419013563,0,100,100
S11-long-lead,equity-constrained-rolling-horizon,timeToRecovery99,lower,-6.1,-6.849101455,-5.350898545,0,97,100
S11-long-lead,equity-constrained-rolling-horizon,fillRate,higher,0.01088899712,0.00947446754,0.01230352669,95,5,100
S12-limited-warehouse,fixed-allocation,totalCost,lower,54220.0974,54157.31768,54282.87712,100,0,100
S12-limited-warehouse,fixed-allocation,worstRegionEssentialFillRate,higher,-0.03554175144,-0.0364779939,-0.03460550898,0,100,100
S12-limited-warehouse,fixed-allocation,minRegionalServiceLevel,higher,-0.0200575667,-0.02130352597,-0.01881160744,0,100,100
S12-limited-warehouse,fixed-allocation,essentialServiceGap,lower,-0.3161427422,-0.3178028965,-0.3144825878,0,100,100
S12-limited-warehouse,fixed-allocation,cumulativeUnmetEssentialDemand,lower,3298.77,3281.075722,3316.464278,100,0,100
S12-limited-warehouse,fixed-allocation,maxBacklog,lower,-959.67,-969.0248737,-950.3151263,0,100,100
S12-limited-warehouse,fixed-allocation,backlogAtHorizon,lower,-844.78,-860.7996233,-828.7603767,0,100,100
S12-limited-warehouse,fixed-allocation,serviceLossAUC,lower,15.12954959,15.05817814,15.20092103,100,0,100
S12-limited-warehouse,fixed-allocation,timeToRecovery90,lower,0,0,0,0,0,100
S12-limited-warehouse,fixed-allocation,timeToRecovery95,lower,0,0,0,0,0,100
S12-limited-warehouse,fixed-allocation,timeToRecovery99,lower,0,0,0,0,0,100
S12-limited-warehouse,fixed-allocation,fillRate,higher,-0.122189842,-0.1232218345,-0.1211578494,0,100,100
S12-limited-warehouse,reorder-point,totalCost,lower,127808.2303,127288.3281,128328.1325,100,0,100
S12-limited-warehouse,reorder-point,worstRegionEssentialFillRate,higher,-0.01315447584,-0.01541917909,-0.01088977259,14,86,100
S12-limited-warehouse,reorder-point,minRegionalServiceLevel,higher,0.0008985497072,-0.0007888256012,0.002585925016,54,46,100
S12-limited-warehouse,reorder-point,essentialServiceGap,lower,0.007642143629,0.00357886471,0.01170542255,65,35,100
S12-limited-warehouse,reorder-point,cumulativeUnmetEssentialDemand,lower,2402.98,2357.750227,2448.209773,100,0,100
S12-limited-warehouse,reorder-point,maxBacklog,lower,-739.45,-755.2655669,-723.6344331,0,100,100
S12-limited-warehouse,reorder-point,backlogAtHorizon,lower,-469.94,-488.2388937,-451.6411063,0,100,100
S12-limited-warehouse,reorder-point,serviceLossAUC,lower,11.39810862,11.18279954,11.61341769,100,0,100
S12-limited-warehouse,reorder-point,timeToRecovery90,lower,0,0,0,0,0,100
S12-limited-warehouse,reorder-point,timeToRecovery95,lower,0,0,0,0,0,100
S12-limited-warehouse,reorder-point,timeToRecovery99,lower,0,0,0,0,0,100
S12-limited-warehouse,reorder-point,fillRate,higher,-0.08458429883,-0.0862481323,-0.08292046536,0,100,100
S12-limited-warehouse,equity-aware,totalCost,lower,-3129.844266,-3209.786729,-3049.901803,0,100,100
S12-limited-warehouse,equity-aware,worstRegionEssentialFillRate,higher,0.02754795968,0.02601672491,0.02907919444,100,0,100
S12-limited-warehouse,equity-aware,minRegionalServiceLevel,higher,0.0402178471,0.03874122016,0.04169447405,100,0,100
S12-limited-warehouse,equity-aware,essentialServiceGap,lower,-0.4787059099,-0.495418371,-0.4619934488,0,100,100
S12-limited-warehouse,equity-aware,cumulativeUnmetEssentialDemand,lower,3823.1,3792.919143,3853.280857,100,0,100
S12-limited-warehouse,equity-aware,maxBacklog,lower,206.17,154.8598003,257.4801997,78,21,100
S12-limited-warehouse,equity-aware,backlogAtHorizon,lower,-1476.42,-1556.189827,-1396.650173,1,99,100
S12-limited-warehouse,equity-aware,serviceLossAUC,lower,20.10598823,19.95163279,20.26034367,100,0,100
S12-limited-warehouse,equity-aware,timeToRecovery90,lower,0,0,0,0,0,100
S12-limited-warehouse,equity-aware,timeToRecovery95,lower,0,0,0,0,0,100
S12-limited-warehouse,equity-aware,timeToRecovery99,lower,0,0,0,0,0,100
S12-limited-warehouse,equity-aware,fillRate,higher,-0.1413091131,-0.1428783446,-0.1397398815,0,100,100
S12-limited-warehouse,equity-constrained-rolling-horizon,totalCost,lower,8988.438195,8886.859866,9090.016525,100,0,100
S12-limited-warehouse,equity-constrained-rolling-horizon,worstRegionEssentialFillRate,higher,0.0179390677,0.01688471039,0.018993425,100,0,100
S12-limited-warehouse,equity-constrained-rolling-horizon,minRegionalServiceLevel,higher,0.007180772173,0.005840446811,0.008521097535,91,9,100
S12-limited-warehouse,equity-constrained-rolling-horizon,essentialServiceGap,lower,-0.478818601,-0.4835426426,-0.4740945594,0,100,100
S12-limited-warehouse,equity-constrained-rolling-horizon,cumulativeUnmetEssentialDemand,lower,4144.31,4126.483008,4162.136992,100,0,100
S12-limited-warehouse,equity-constrained-rolling-horizon,maxBacklog,lower,-326.28,-344.6937913,-307.8662087,0,100,100
S12-limited-warehouse,equity-constrained-rolling-horizon,backlogAtHorizon,lower,-339.48,-356.6153611,-322.3446389,0,100,100
S12-limited-warehouse,equity-constrained-rolling-horizon,serviceLossAUC,lower,21.80485515,21.72227676,21.88743355,100,0,100
S12-limited-warehouse,equity-constrained-rolling-horizon,timeToRecovery90,lower,0,0,0,0,0,100
S12-limited-warehouse,equity-constrained-rolling-horizon,timeToRecovery95,lower,0,0,0,0,0,100
S12-limited-warehouse,equity-constrained-rolling-horizon,timeToRecovery99,lower,0,0,0,0,0,100
S12-limited-warehouse,equity-constrained-rolling-horizon,fillRate,higher,-0.05476263577,-0.05582235859,-0.05370291296,0,100,100
S13-limited-capacity,fixed-allocation,totalCost,lower,47227.57228,47100.9709,47354.17366,100,0,100
S13-limited-capacity,fixed-allocation,worstRegionEssentialFillRate,higher,-0.5860776443,-0.5916860768,-0.5804692117,0,100,100
S13-limited-capacity,fixed-allocation,minRegionalServiceLevel,higher,-0.2338890151,-0.235854448,-0.2319235822,0,100,100
S13-limited-capacity,fixed-allocation,essentialServiceGap,lower,0.05514761525,0.04915318125,0.06114204925,97,3,100
S13-limited-capacity,fixed-allocation,cumulativeUnmetEssentialDemand,lower,13741.35,13645.25377,13837.44623,100,0,100
S13-limited-capacity,fixed-allocation,maxBacklog,lower,3961.77,3911.683443,4011.856557,100,0,100
S13-limited-capacity,fixed-allocation,backlogAtHorizon,lower,4204.16,4137.75507,4270.56493,100,0,100
S13-limited-capacity,fixed-allocation,serviceLossAUC,lower,62.38456175,61.97399786,62.79512564,100,0,100
S13-limited-capacity,fixed-allocation,timeToRecovery90,lower,45.96,45.6616363,46.2583637,100,0,100
S13-limited-capacity,fixed-allocation,timeToRecovery95,lower,44.16,43.7798163,44.5401837,100,0,100
S13-limited-capacity,fixed-allocation,timeToRecovery99,lower,40.97,40.36943609,41.57056391,100,0,100
S13-limited-capacity,fixed-allocation,fillRate,higher,-0.24428605,-0.2457364897,-0.2428356104,0,100,100
S13-limited-capacity,reorder-point,totalCost,lower,151625.3849,151144.3989,152106.3709,100,0,100
S13-limited-capacity,reorder-point,worstRegionEssentialFillRate,higher,-0.5308742082,-0.5364332804,-0.525315136,0,100,100
S13-limited-capacity,reorder-point,minRegionalServiceLevel,higher,-0.1773607437,-0.1793953173,-0.1753261701,0,100,100
S13-limited-capacity,reorder-point,essentialServiceGap,lower,0.5125824058,0.5052151629,0.5199496487,100,0,100
S13-limited-capacity,reorder-point,cumulativeUnmetEssentialDemand,lower,11303.69,11211.36382,11396.01618,100,0,100
S13-limited-capacity,reorder-point,maxBacklog,lower,-3157.17,-3195.879391,-3118.460609,0,100,100
S13-limited-capacity,reorder-point,backlogAtHorizon,lower,-3833.55,-3881.70528,-3785.39472,0,100,100
S13-limited-capacity,reorder-point,serviceLossAUC,lower,57.38525222,57.02496013,57.74554431,100,0,100
S13-limited-capacity,reorder-point,timeToRecovery90,lower,45.96,45.6616363,46.2583637,100,0,100
S13-limited-capacity,reorder-point,timeToRecovery95,lower,44.16,43.7798163,44.5401837,100,0,100
S13-limited-capacity,reorder-point,timeToRecovery99,lower,40.97,40.36943609,41.57056391,100,0,100
S13-limited-capacity,reorder-point,fillRate,higher,-0.1438446702,-0.1453445829,-0.1423447574,0,100,100
S13-limited-capacity,equity-aware,totalCost,lower,-16911.47075,-17081.7831,-16741.1584,0,100,100
S13-limited-capacity,equity-aware,worstRegionEssentialFillRate,higher,-0.248217057,-0.2557273358,-0.2407067782,0,100,100
S13-limited-capacity,equity-aware,minRegionalServiceLevel,higher,-0.1013936644,-0.1035931668,-0.09919416203,0,100,100
S13-limited-capacity,equity-aware,essentialServiceGap,lower,-0.06589053092,-0.07772572714,-0.05405533471,15,85,100
S13-limited-capacity,equity-aware,cumulativeUnmetEssentialDemand,lower,6436.93,6322.172811,6551.687189,100,0,100
S13-limited-capacity,equity-aware,maxBacklog,lower,-686.28,-754.6059119,-617.9540881,3,97,100
S13-limited-capacity,equity-aware,backlogAtHorizon,lower,-3836.17,-3922.927937,-3749.412063,0,100,100
S13-limited-capacity,equity-aware,serviceLossAUC,lower,34.12657166,33.66601254,34.58713079,100,0,100
S13-limited-capacity,equity-aware,timeToRecovery90,lower,45.96,45.6616363,46.2583637,100,0,100
S13-limited-capacity,equity-aware,timeToRecovery95,lower,44.16,43.7798163,44.5401837,100,0,100
S13-limited-capacity,equity-aware,timeToRecovery99,lower,40.97,40.36943609,41.57056391,100,0,100
S13-limited-capacity,equity-aware,fillRate,higher,-0.152048747,-0.153756199,-0.150341295,0,100,100
S13-limited-capacity,equity-constrained-rolling-horizon,totalCost,lower,5034.417395,4812.501792,5256.332998,100,0,100
S13-limited-capacity,equity-constrained-rolling-horizon,worstRegionEssentialFillRate,higher,0.1693802587,0.1639408453,0.1748196721,100,0,100
S13-limited-capacity,equity-constrained-rolling-horizon,minRegionalServiceLevel,higher,0.07017653053,0.06819180271,0.07216125835,100,0,100
S13-limited-capacity,equity-constrained-rolling-horizon,essentialServiceGap,lower,-0.1702646937,-0.1757260794,-0.164803308,0,100,100
S13-limited-capacity,equity-constrained-rolling-horizon,cumulativeUnmetEssentialDemand,lower,-2936.01,-3027.214624,-2844.805376,0,100,100
S13-limited-capacity,equity-constrained-rolling-horizon,maxBacklog,lower,194.7,155.1049599,234.2950401,83,16,100
S13-limited-capacity,equity-constrained-rolling-horizon,backlogAtHorizon,lower,-211.97,-273.1697665,-150.7702335,21,79,100
S13-limited-capacity,equity-constrained-rolling-horizon,serviceLossAUC,lower,-11.90612353,-12.26741288,-11.54483419,0,100,100
S13-limited-capacity,equity-constrained-rolling-horizon,timeToRecovery90,lower,-12.8,-13.35121854,-12.24878146,0,100,100
S13-limited-capacity,equity-constrained-rolling-horizon,timeToRecovery95,lower,-11.32,-12.11763564,-10.52236436,0,100,100
S13-limited-capacity,equity-constrained-rolling-horizon,timeToRecovery99,lower,-8.27,-8.988952774,-7.551047226,0,99,100
S13-limited-capacity,equity-constrained-rolling-horizon,fillRate,higher,0.03822351207,0.03680074781,0.03964627633,100,0,100
S14-extreme,fixed-allocation,totalCost,lower,50725.34669,50597.51146,50853.18192,100,0,100
S14-extreme,fixed-allocation,worstRegionEssentialFillRate,higher,-0.03580583698,-0.03726861705,-0.0343430569,0,100,100
S14-extreme,fixed-allocation,minRegionalServiceLevel,higher,-0.01180549046,-0.01271611566,-0.01089486525,0,100,100
S14-extreme,fixed-allocation,essentialServiceGap,lower,-0.4741625048,-0.4809437376,-0.467381272,0,100,100
S14-extreme,fixed-allocation,cumulativeUnmetEssentialDemand,lower,3882.88,3847.774995,3917.985005,100,0,100
S14-extreme,fixed-allocation,maxBacklog,lower,243.71,203.0955848,284.3244152,86,14,100
S14-extreme,fixed-allocation,backlogAtHorizon,lower,4716.71,4652.697223,4780.722777,100,0,100
S14-extreme,fixed-allocation,serviceLossAUC,lower,17.52518953,17.38393315,17.66644591,100,0,100
S14-extreme,fixed-allocation,timeToRecovery90,lower,0,0,0,0,0,100
S14-extreme,fixed-allocation,timeToRecovery95,lower,0,0,0,0,0,100
S14-extreme,fixed-allocation,timeToRecovery99,lower,0,0,0,0,0,100
S14-extreme,fixed-allocation,fillRate,higher,-0.08131619363,-0.08219765799,-0.08043472927,0,100,100
S14-extreme,reorder-point,totalCost,lower,174548.5998,174211.0281,174886.1715,100,0,100
S14-extreme,reorder-point,worstRegionEssentialFillRate,higher,0.0005629301215,-0.001446948036,0.002572808279,51,48,100
S14-extreme,reorder-point,minRegionalServiceLevel,higher,0.02553166017,0.02447293642,0.02659038392,100,0,100
S14-extreme,reorder-point,essentialServiceGap,lower,-0.03245442358,-0.04293760397,-0.0219712432,27,73,100
S14-extreme,reorder-point,cumulativeUnmetEssentialDemand,lower,2007.93,1949.700538,2066.159462,100,0,100
S14-extreme,reorder-point,maxBacklog,lower,-4720.51,-4765.795955,-4675.224045,0,100,100
S14-extreme,reorder-point,backlogAtHorizon,lower,-2875.11,-2930.375696,-2819.844304,0,100,100
S14-extreme,reorder-point,serviceLossAUC,lower,12.63455743,12.39736116,12.87175369,100,0,100
S14-extreme,reorder-point,timeToRecovery90,lower,0,0,0,0,0,100
S14-extreme,reorder-point,timeToRecovery95,lower,0,0,0,0,0,100
S14-extreme,reorder-point,timeToRecovery99,lower,0,0,0,0,0,100
S14-extreme,reorder-point,fillRate,higher,-0.01056211676,-0.01167091177,-0.009453321747,1,99,100
S14-extreme,equity-aware,totalCost,lower,-9998.930842,-10120.20463,-9877.65705,0,100,100
S14-extreme,equity-aware,worstRegionEssentialFillRate,higher,0.03179945177,0.02946969666,0.03412920688,100,0,100
S14-extreme,equity-aware,minRegionalServiceLevel,higher,0.01161445962,0.01045717686,0.01277174238,98,2,100
S14-extreme,equity-aware,essentialServiceGap,lower,-0.3963773329,-0.4034680421,-0.3892866237,0,100,100
S14-extreme,equity-aware,cumulativeUnmetEssentialDemand,lower,2375.84,2329.926097,2421.753903,100,0,100
S14-extreme,equity-aware,maxBacklog,lower,-1633.83,-1715.85732,-1551.80268,0,100,100
S14-extreme,equity-aware,backlogAtHorizon,lower,-2117.05,-2210.23863,-2023.86137,0,100,100
S14-extreme,equity-aware,serviceLossAUC,lower,14.37140726,14.18871565,14.55409886,100,0,100
S14-extreme,equity-aware,timeToRecovery90,lower,0,0,0,0,0,100
S14-extreme,equity-aware,timeToRecovery95,lower,0,0,0,0,0,100
S14-extreme,equity-aware,timeToRecovery99,lower,0,0,0,0,0,100
S14-extreme,equity-aware,fillRate,higher,-0.06007526954,-0.06106354524,-0.05908699384,0,100,100
S14-extreme,equity-constrained-rolling-horizon,totalCost,lower,12591.16082,12498.35466,12683.96698,100,0,100
S14-extreme,equity-constrained-rolling-horizon,worstRegionEssentialFillRate,higher,0.02010646364,0.01793595843,0.02227696885,96,4,100
S14-extreme,equity-constrained-rolling-horizon,minRegionalServiceLevel,higher,0.006698771191,0.005495770415,0.007901771968,86,14,100
S14-extreme,equity-constrained-rolling-horizon,essentialServiceGap,lower,-0.4894178426,-0.4945190083,-0.4843166769,0,100,100
S14-extreme,equity-constrained-rolling-horizon,cumulativeUnmetEssentialDemand,lower,2852.53,2806.580063,2898.479937,100,0,100
S14-extreme,equity-constrained-rolling-horizon,maxBacklog,lower,-2621.48,-2673.077136,-2569.882864,0,100,100
S14-extreme,equity-constrained-rolling-horizon,backlogAtHorizon,lower,-676.47,-731.0158907,-621.9241093,0,100,100
S14-extreme,equity-constrained-rolling-horizon,serviceLossAUC,lower,17.33600141,17.16941039,17.50259243,100,0,100
S14-extreme,equity-constrained-rolling-horizon,timeToRecovery90,lower,0,0,0,0,0,100
S14-extreme,equity-constrained-rolling-horizon,timeToRecovery95,lower,0,0,0,0,0,100
S14-extreme,equity-constrained-rolling-horizon,timeToRecovery99,lower,0,0,0,0,0,100
S14-extreme,equity-constrained-rolling-horizon,fillRate,higher,-0.0371400236,-0.03802586558,-0.03625418162,0,100,100
